run_regime,partner_origin,epoch,seed_count,total_hits,total_tested,aggregate_hit_fraction,mean_seed_hit_fraction,seed_hit_fraction_variance,seed_hit_fraction_sd,seed_hit_fraction_q25,seed_hit_fraction_median,seed_hit_fraction_q75
N,N-derived,100,4,37016,524288,0.0706024169922,0.0706024169922,3.35547762613e-07,0.000579264846691,0.0702819824219,0.0706443786621,0.0709648132324
N,N-derived,200,4,48133,524288,0.0918064117432,0.0918064117432,5.20623871125e-07,0.000721542702219,0.0916881561279,0.0920715332031,0.0921897888184
N,N-derived,300,4,54954,524288,0.104816436768,0.104816436768,1.46693006779e-06,0.00121116888492,0.104066848755,0.104820251465,0.105569839478
N,N-derived,400,4,58868,524288,0.112281799316,0.112281799316,2.25818560769e-06,0.00150272605877,0.111764907837,0.112506866455,0.113023757935
N,N-derived,500,4,60944,524288,0.116241455078,0.116241455078,1.99729887148e-07,0.000446911498115,0.11595916748,0.116191864014,0.116474151611
N,N-derived,600,4,61954,524288,0.118167877197,0.118167877197,1.44878868014e-07,0.000380629567971,0.117851257324,0.118103027344,0.118419647217
N,N-derived,700,4,62133,524288,0.118509292603,0.118509292603,2.27645311194e-07,0.000477121903914,0.118320465088,0.118629455566,0.118818283081
N,N-derived,800,4,61715,524288,0.117712020874,0.117712020874,1.02869914069e-06,0.00101424806664,0.117235183716,0.117561340332,0.11803817749
N,N-derived,900,4,61176,524288,0.116683959961,0.116683959961,7.04933578769e-07,0.000839603226988,0.11597442627,0.116661071777,0.117370605469
N,N-derived,1000,4,60364,524288,0.115135192871,0.115135192871,5.26352475087e-07,0.000725501533483,0.114734649658,0.114974975586,0.115375518799
N,N-derived,1100,4,59531,524288,0.11354637146,0.11354637146,2.16042584119e-07,0.000464803812505,0.113338470459,0.113574981689,0.11378288269
N,N-derived,1200,4,58792,524288,0.11213684082,0.11213684082,3.92203219235e-07,0.00062626130268,0.111988067627,0.112392425537,0.11254119873
N,N-derived,1300,4,58044,524288,0.110710144043,0.110710144043,8.73502964775e-08,0.000295550835691,0.110610961914,0.110805511475,0.110904693604
N,N-derived,1400,4,57196,524288,0.109092712402,0.109092712402,3.12070672711e-07,0.000558632860393,0.108791351318,0.108978271484,0.109279632568
N,N-derived,1500,4,56430,524288,0.10763168335,0.10763168335,7.40964120875e-07,0.000860792728173,0.10736656189,0.107761383057,0.108026504517
N,N-derived,1600,4,55783,524288,0.106397628784,0.106397628784,2.56710336544e-07,0.00050666590229,0.106142044067,0.106384277344,0.106639862061
N,N-derived,1700,4,55048,524288,0.104995727539,0.104995727539,4.96433737377e-07,0.000704580540022,0.104578018188,0.105102539062,0.105520248413
N,N-derived,1800,4,54506,524288,0.10396194458,0.10396194458,2.58150976151e-07,0.000508085599236,0.103530883789,0.103946685791,0.104377746582
N,N-derived,1900,4,54350,524288,0.103664398193,0.103664398193,1.28425502529e-07,0.000358365040885,0.103488922119,0.103675842285,0.103851318359
N,N-derived,2000,4,53937,524288,0.102876663208,0.102876663208,8.07291750486e-08,0.000284128800104,0.102630615234,0.102874755859,0.103120803833
N,N-derived,2100,4,53460,524288,0.10196685791,0.10196685791,7.58950288097e-07,0.00087117752961,0.101600646973,0.101852416992,0.10221862793
N,N-derived,2200,4,52940,524288,0.100975036621,0.100975036621,1.05813766519e-06,0.00102865818676,0.100719451904,0.101188659668,0.101444244385
N,N-derived,2300,4,52939,524288,0.100973129272,0.100973129272,6.06848819492e-07,0.000779005018913,0.100587844849,0.101066589355,0.101451873779
N,N-derived,2400,4,52688,524288,0.100494384766,0.100494384766,1.08017896612e-06,0.00103931658609,0.0998840332031,0.100700378418,0.10131072998
N,N-derived,2500,4,52589,524288,0.100305557251,0.100305557251,8.77941298919e-07,0.00093698521809,0.0997467041016,0.100204467773,0.100763320923
N,N-derived,2600,4,52391,524288,0.0999279022217,0.0999279022217,1.57356165194e-06,0.00125441685733,0.0989742279053,0.0998077392578,0.100761413574
N,N-derived,2700,4,51985,524288,0.0991535186768,0.0991535186768,1.2197366838e-06,0.00110441689764,0.0986309051514,0.0991287231445,0.0996513366699
N,N-derived,2800,4,51934,524288,0.0990562438965,0.0990562438965,3.06579750031e-07,0.000553696442133,0.0986347198486,0.0990867614746,0.0995082855225
N,N-derived,2900,4,51692,524288,0.0985946655273,0.0985946655273,3.45093819002e-07,0.000587446864833,0.0981483459473,0.0984916687012,0.0989379882812
N,N-derived,3000,4,51448,524288,0.0981292724609,0.0981292724609,2.13078844051e-07,0.000461604640413,0.0977840423584,0.0981559753418,0.0985012054443
N,N-derived,3100,4,51132,524288,0.097526550293,0.097526550293,2.05084991952e-07,0.00045286310509,0.0972194671631,0.0975723266602,0.09787940979
N,N-derived,3200,4,50757,524288,0.0968112945557,0.0968112945557,1.27062473136e-07,0.00035645823477,0.0966320037842,0.0967979431152,0.0969772338867
N,N-derived,3300,4,50504,524288,0.0963287353516,0.0963287353516,1.46023618678e-07,0.000382130368694,0.0961971282959,0.0963706970215,0.0965023040771
N,N-derived,3400,4,50800,524288,0.0968933105469,0.0968933105469,6.70125397543e-07,0.000818611872344,0.0965480804443,0.0968017578125,0.097146987915
N,N-derived,3500,4,51008,524288,0.0972900390625,0.0972900390625,5.27361407876e-08,0.000229643508046,0.0972194671631,0.0973625183105,0.09743309021
N,N-derived,3600,4,50745,524288,0.0967884063721,0.0967884063721,1.71067464786e-07,0.000413603028019,0.0965595245361,0.0967750549316,0.0970039367676
N,N-derived,3700,4,50588,524288,0.0964889526367,0.0964889526367,3.67872416973e-08,0.000191800004425,0.0964012145996,0.0965423583984,0.0966300964355
N,N-derived,3800,4,50507,524288,0.0963344573975,0.0963344573975,9.75264507967e-07,0.000987554812639,0.0957431793213,0.0960693359375,0.0966606140137
N,N-derived,3900,4,50481,524288,0.096284866333,0.096284866333,1.58819117739e-06,0.00126023457237,0.095739364624,0.0963478088379,0.0968933105469
N,N-derived,4000,4,50164,524288,0.0956802368164,0.0956802368164,4.22975669305e-07,0.000650365796536,0.0952262878418,0.095703125,0.0961570739746
N,N-derived,4100,4,50141,524288,0.0956363677979,0.0956363677979,9.39136953093e-07,0.000969090786817,0.0950393676758,0.0957527160645,0.0963497161865
N,N-derived,4200,4,49857,524288,0.0950946807861,0.0950946807861,5.4961128626e-07,0.000741357731639,0.0946044921875,0.0951080322266,0.0955982208252
N,N-derived,4300,4,49900,524288,0.0951766967773,0.0951766967773,4.19754845401e-07,0.000647884901353,0.0946254730225,0.0951766967773,0.0957279205322
N,N-derived,4400,4,49813,524288,0.0950107574463,0.0950107574463,8.45345008808e-07,0.000919426456443,0.0946273803711,0.0951271057129,0.0955104827881
N,N-derived,4500,4,50015,524288,0.0953960418701,0.0953960418701,4.94003567534e-07,0.000702853873529,0.0950317382812,0.095100402832,0.0954647064209
N,N-derived,4600,4,49902,524288,0.0951805114746,0.0951805114746,8.45369262e-08,0.000290752345132,0.0950183868408,0.09521484375,0.0953769683838
N,N-derived,4700,4,49706,524288,0.0948066711426,0.0948066711426,6.17971333365e-08,0.00024859029212,0.0946674346924,0.0948638916016,0.0950031280518
N,N-derived,4800,4,49493,524288,0.0944004058838,0.0944004058838,2.77936730223e-07,0.000527197050659,0.0940570831299,0.0943984985352,0.0947418212891
N,N-derived,4900,4,49670,524288,0.0947380065918,0.0947380065918,3.20239147792e-07,0.000565896764253,0.0945663452148,0.0949363708496,0.0951080322266
N,N-derived,5000,4,49548,524288,0.0945053100586,0.0945053100586,1.60071067512e-07,0.000400088824528,0.0942974090576,0.0944290161133,0.0946369171143
N,N-derived,5100,4,49797,524288,0.0949802398682,0.0949802398682,6.64862454869e-07,0.000815390982823,0.094898223877,0.0953254699707,0.0954074859619
N,N-derived,5200,4,49793,524288,0.0949726104736,0.0949726104736,1.29967520479e-06,0.00114003298408,0.094762802124,0.0954170227051,0.0956268310547
N,N-derived,5300,4,49716,524288,0.0948257446289,0.0948257446289,6.73617857198e-07,0.000820742259907,0.094352722168,0.0945167541504,0.0949897766113
N,N-derived,5400,4,49454,524288,0.0943260192871,0.0943260192871,9.54023562372e-08,0.000308872718506,0.0941715240479,0.0942878723145,0.0944423675537
N,N-derived,5500,4,49535,524288,0.0944805145264,0.0944805145264,4.3238105718e-07,0.000657556885129,0.0942401885986,0.0946083068848,0.0948486328125
N,N-derived,5600,4,49553,524288,0.0945148468018,0.0945148468018,5.87950732249e-07,0.000766779454764,0.093879699707,0.0944366455078,0.0950717926025
N,N-derived,5700,4,49524,524288,0.0944595336914,0.0944595336914,2.88826413453e-07,0.000537425728313,0.0941791534424,0.0943908691406,0.0946712493896
N,N-derived,5800,4,49503,524288,0.0944194793701,0.0944194793701,3.78752398926e-07,0.000615428630245,0.0942707061768,0.0945053100586,0.094654083252
N,N-derived,5900,4,49540,524288,0.0944900512695,0.0944900512695,1.96547868351e-07,0.000443337194865,0.0941295623779,0.0944023132324,0.094762802124
N,N-derived,6000,4,49235,524288,0.0939083099365,0.0939083099365,2.76190500396e-07,0.000525538295842,0.0936489105225,0.0937232971191,0.0939826965332
N,N-derived,6100,4,49174,524288,0.0937919616699,0.0937919616699,1.38631245742e-07,0.000372332171243,0.0935726165771,0.0938301086426,0.0940494537354
N,N-derived,6200,4,49288,524288,0.0940093994141,0.0940093994141,3.57977114618e-07,0.000598311887411,0.0938930511475,0.094165802002,0.0942821502686
N,N-derived,6300,4,49405,524288,0.0942325592041,0.0942325592041,1.2329837773e-07,0.000351138687316,0.0940055847168,0.0942077636719,0.0944347381592
N,N-derived,6400,4,49246,524288,0.0939292907715,0.0939292907715,5.75731974095e-07,0.000758770040325,0.0937328338623,0.0940399169922,0.0942363739014
N,N-derived,6500,4,49213,524288,0.0938663482666,0.0938663482666,1.47581158672e-06,0.00121482985916,0.0932102203369,0.0940475463867,0.0947036743164
N,N-derived,6600,4,49028,524288,0.0935134887695,0.0935134887695,1.11211556941e-06,0.00105456890216,0.0932579040527,0.093677520752,0.0939331054688
N,N-derived,6700,4,49133,524288,0.093713760376,0.093713760376,2.20018652423e-06,0.00148330257339,0.0934772491455,0.0943489074707,0.0945854187012
N,N-derived,6800,4,49195,524288,0.0938320159912,0.0938320159912,9.12167403537e-07,0.000955074553915,0.0935878753662,0.0939865112305,0.0942306518555
N,N-derived,6900,4,49184,524288,0.0938110351562,0.0938110351562,1.0619017606e-06,0.00103048617681,0.0932292938232,0.0937080383301,0.0942897796631
N,N-derived,7000,4,49118,524288,0.0936851501465,0.0936851501465,1.57907682781e-06,0.00125661323716,0.0929851531982,0.093189239502,0.0938892364502
N,N-derived,7100,4,49265,524288,0.0939655303955,0.0939655303955,5.5873048647e-07,0.000747482766671,0.0934791564941,0.0938186645508,0.0943050384521
N,N-derived,7200,4,49073,524288,0.093599319458,0.093599319458,3.90161100465e-07,0.000624628770122,0.0933113098145,0.0934944152832,0.0937824249268
N,N-derived,7300,4,49223,524288,0.0938854217529,0.0938854217529,8.7735922231e-07,0.000936674555174,0.0932865142822,0.0940361022949,0.0946350097656
N,N-derived,7400,4,49427,524288,0.094274520874,0.094274520874,3.2613267346e-07,0.000571080268841,0.0938835144043,0.0943603515625,0.0947513580322
N,N-derived,7500,4,49715,524288,0.0948238372803,0.0948238372803,6.19072428284e-07,0.000786811558306,0.0941524505615,0.0948181152344,0.0954895019531
N,N-derived,7600,4,49954,524288,0.0952796936035,0.0952796936035,8.84232576936e-07,0.000940336416894,0.0947608947754,0.0953407287598,0.0958595275879
N,N-derived,7700,4,49813,524288,0.0950107574463,0.0950107574463,1.65140469714e-06,0.00128506991916,0.0944232940674,0.095085144043,0.0956726074219
N,N-derived,7800,4,49830,524288,0.095043182373,0.095043182373,1.12327203775e-06,0.00105984528954,0.0944423675537,0.0948829650879,0.0954837799072
N,N-derived,7900,4,49560,524288,0.0945281982422,0.0945281982422,8.245697245e-07,0.000908058216471,0.0940265655518,0.0943298339844,0.0948314666748
N,N-derived,8000,4,49579,524288,0.0945644378662,0.0945644378662,1.11659270866e-06,0.00105668950438,0.0937061309814,0.0945091247559,0.0953674316406
N,N-derived,8100,4,49687,524288,0.0947704315186,0.0947704315186,5.22796957133e-07,0.000723046995107,0.0942707061768,0.0947761535645,0.0952758789062
N,N-derived,8200,4,49578,524288,0.0945625305176,0.0945625305176,4.88362275064e-08,0.000220989202239,0.0944385528564,0.0944976806641,0.0946216583252
N,N-derived,8300,4,49330,524288,0.0940895080566,0.0940895080566,1.21867439399e-07,0.000349095172409,0.0939121246338,0.0939788818359,0.0941562652588
N,N-derived,8400,4,49192,524288,0.0938262939453,0.0938262939453,1.09236376981e-07,0.00033050926913,0.0936317443848,0.0938911437988,0.0940856933594
N,N-derived,8500,4,48990,524288,0.0934410095215,0.0934410095215,3.65408292661e-07,0.000604490109647,0.0933456420898,0.0937004089355,0.0937957763672
N,N-derived,8600,4,49297,524288,0.0940265655518,0.0940265655518,5.34787735281e-07,0.000731291826346,0.0936794281006,0.094123840332,0.0944709777832
N,N-derived,8700,4,49316,524288,0.0940628051758,0.0940628051758,1.02949949602e-07,0.000320858145607,0.0939025878906,0.0939140319824,0.0940742492676
N,N-derived,8800,4,49201,524288,0.093843460083,0.093843460083,9.0779697833e-08,0.000301296694029,0.093599319458,0.0938301086426,0.0940742492676
N,N-derived,8900,4,49026,524288,0.0935096740723,0.0935096740723,3.94783758869e-07,0.000628318198741,0.0930252075195,0.0933532714844,0.0938377380371
N,N-derived,9000,4,49045,524288,0.0935459136963,0.0935459136963,3.62337838548e-07,0.00060194504612,0.0932540893555,0.0936164855957,0.0939083099365
N,N-derived,9100,4,48990,524288,0.0934410095215,0.0934410095215,2.42822958777e-07,0.00049277069594,0.093204498291,0.0933532714844,0.0935897827148
N,N-derived,9200,4,49000,524288,0.0934600830078,0.0934600830078,4.2887404561e-07,0.000654884757504,0.0930824279785,0.0935974121094,0.0939750671387
N,N-derived,9300,4,49006,524288,0.0934715270996,0.0934715270996,6.25790562481e-07,0.000791069252645,0.0928440093994,0.0934295654297,0.0940570831299
N,N-derived,9400,4,49148,524288,0.0937423706055,0.0937423706055,4.92165175577e-07,0.000701544849298,0.0934810638428,0.0938720703125,0.0941333770752
N,N-derived,9500,4,49150,524288,0.0937461853027,0.0937461853027,6.32930702219e-07,0.000795569420113,0.0933437347412,0.0937042236328,0.0941066741943
N,N-derived,9600,4,49276,524288,0.0939865112305,0.0939865112305,6.76178994278e-07,0.000822301036287,0.0938663482666,0.0942306518555,0.0943508148193
N,N-derived,9700,4,49005,524288,0.093469619751,0.093469619751,5.21593998807e-07,0.000722214648707,0.0931301116943,0.0932579040527,0.0935974121094
N,N-derived,9800,4,49211,524288,0.0938625335693,0.0938625335693,8.21014206546e-07,0.000906098342646,0.0932731628418,0.0937042236328,0.0942935943604
N,N-derived,9900,4,49051,524288,0.0935573577881,0.0935573577881,4.65908669867e-07,0.000682575028745,0.0932350158691,0.0935249328613,0.0938472747803
N,N-derived,10000,4,49032,524288,0.0935211181641,0.0935211181641,8.05050755541e-07,0.000897246206757,0.0933036804199,0.0936508178711,0.0938682556152
N,N-derived,10100,4,48949,524288,0.0933628082275,0.0933628082275,4.39249561168e-07,0.000662759052121,0.092924118042,0.0932388305664,0.093677520752
N,N-derived,10200,4,49033,524288,0.0935230255127,0.0935230255127,6.22138031758e-07,0.000788757270495,0.09299659729,0.0933799743652,0.0939064025879
N,N-derived,10300,4,48936,524288,0.0933380126953,0.0933380126953,6.41720059017e-07,0.00080107431554,0.0927143096924,0.0932273864746,0.0938510894775
N,N-derived,10400,4,49022,524288,0.0935020446777,0.0935020446777,1.19808828458e-06,0.00109457219249,0.0929126739502,0.0935325622559,0.0941219329834
N,N-derived,10500,4,48932,524288,0.0933303833008,0.0933303833008,2.95733722548e-07,0.000543814051444,0.0930805206299,0.0933303833008,0.0935802459717
N,N-derived,10600,4,48912,524288,0.0932922363281,0.0932922363281,3.02330590785e-07,0.000549845970054,0.0929870605469,0.0932960510254,0.0936012268066
N,N-derived,10700,4,48896,524288,0.09326171875,0.09326171875,1.36205926538e-08,0.000116707294775,0.093189239502,0.0932350158691,0.0933074951172
N,N-derived,10800,4,48830,524288,0.0931358337402,0.0931358337402,2.29144158463e-08,0.000151375083307,0.0930461883545,0.0931587219238,0.0932483673096
N,N-derived,10900,4,48932,524288,0.0933303833008,0.0933303833008,3.70123113195e-07,0.000608377443036,0.0930328369141,0.0930709838867,0.0933685302734
N,N-derived,11000,4,48994,524288,0.093448638916,0.093448638916,2.76234156142e-07,0.000525579828515,0.0931568145752,0.0932235717773,0.0935153961182
N,N-derived,11100,4,48828,524288,0.093132019043,0.093132019043,2.95578502119e-07,0.000543671318094,0.0927677154541,0.0929794311523,0.0933437347412
N,N-derived,11200,4,48999,524288,0.0934581756592,0.0934581756592,3.87328327633e-07,0.000622357074061,0.0930290222168,0.0934829711914,0.0939121246338
N,N-derived,11300,4,49101,524288,0.0936527252197,0.0936527252197,1.52790259259e-07,0.000390883946024,0.0934391021729,0.0936851501465,0.0938987731934
N,N-derived,11400,4,49190,524288,0.093822479248,0.093822479248,2.94006895274e-07,0.000542224026832,0.0935211181641,0.0939292907715,0.0942306518555
N,N-derived,11500,4,49272,524288,0.0939788818359,0.0939788818359,9.58874200781e-08,0.000309656939335,0.0938568115234,0.0939750671387,0.0940971374512
N,N-derived,11600,4,49334,524288,0.0940971374512,0.0940971374512,1.15057143072e-08,0.000107264692734,0.0940246582031,0.0940971374512,0.0941696166992
N,N-derived,11700,4,49395,524288,0.0942134857178,0.0942134857178,1.4537848377e-07,0.000381285304949,0.0940055847168,0.0940780639648,0.0942859649658
N,N-derived,11800,4,49605,524288,0.0946140289307,0.0946140289307,3.25123740671e-07,0.000570196229969,0.094181060791,0.0944938659668,0.0949268341064
N,N-derived,11900,4,49580,524288,0.0945663452148,0.0945663452148,9.15839336812e-07,0.000956994951299,0.0938510894775,0.094425201416,0.0951404571533
N,N-derived,12000,4,49701,524288,0.0947971343994,0.0947971343994,1.54744581475e-06,0.00124396375138,0.0938301086426,0.0947570800781,0.095724105835
N,N-derived,12100,4,49375,524288,0.0941753387451,0.0941753387451,1.45085990274e-06,0.00120451646014,0.0935077667236,0.0937957763672,0.0944633483887
N,N-derived,12200,4,49328,524288,0.0940856933594,0.0940856933594,3.33180651069e-07,0.000577218027325,0.0936546325684,0.0939331054688,0.0943641662598
N,N-derived,12300,4,49162,524288,0.0937690734863,0.0937690734863,5.90245084216e-07,0.000768274094459,0.0934810638428,0.0937652587891,0.0940532684326
N,N-derived,12400,4,49317,524288,0.0940647125244,0.0940647125244,6.77008453446e-07,0.000822805234212,0.0938777923584,0.0942878723145,0.0944747924805
N,N-derived,12500,4,49187,524288,0.0938167572021,0.0938167572021,1.5791253342e-07,0.000397382100024,0.0935974121094,0.0936546325684,0.0938739776611
N,N-derived,12600,4,48974,524288,0.0934104919434,0.0934104919434,1.59896444529e-07,0.00039987053471,0.0931720733643,0.0932426452637,0.0934810638428
N,N-derived,12700,4,49118,524288,0.0936851501465,0.0936851501465,9.42770081262e-08,0.000307045612452,0.093505859375,0.0935592651367,0.0937385559082
N,N-derived,12800,4,49215,524288,0.0938701629639,0.0938701629639,5.00484020449e-07,0.000707448952539,0.0934238433838,0.093994140625,0.0944404602051
N,N-derived,12900,4,49358,524288,0.0941429138184,0.0941429138184,2.73207357774e-07,0.000522692412203,0.0937728881836,0.0941276550293,0.0944976806641
N,N-derived,13000,4,49208,524288,0.0938568115234,0.0938568115234,1.12212728709e-06,0.00105930509632,0.0932750701904,0.093448638916,0.094030380249
N,N-derived,13100,4,49094,524288,0.0936393737793,0.0936393737793,7.93583846341e-07,0.000890833231498,0.0931797027588,0.0933876037598,0.0938472747803
N,N-derived,13200,4,49137,524288,0.0937213897705,0.0937213897705,3.27995318609e-07,0.000572708755485,0.0933322906494,0.093620300293,0.0940093994141
N,N-derived,13300,4,48939,524288,0.0933437347412,0.0933437347412,8.55822387772e-07,0.00092510668994,0.0927543640137,0.0934066772461,0.0939960479736
N,N-derived,13400,4,48910,524288,0.0932884216309,0.0932884216309,7.76587209354e-07,0.000881241856333,0.0925827026367,0.0933265686035,0.0940322875977
N,N-derived,13500,4,48895,524288,0.0932598114014,0.0932598114014,4.05658890183e-08,0.00020140975403,0.0931949615479,0.0932807922363,0.0933456420898
N,N-derived,13600,4,48949,524288,0.0933628082275,0.0933628082275,2.75375593143e-07,0.000524762415902,0.0930595397949,0.0934600830078,0.0937633514404
N,N-derived,13700,4,48778,524288,0.0930366516113,0.0930366516113,3.71229058752e-07,0.000609285695509,0.0926570892334,0.0928230285645,0.0932025909424
N,N-derived,13800,4,48956,524288,0.093376159668,0.093376159668,8.40635038912e-07,0.000916861515668,0.0929737091064,0.0935974121094,0.0939998626709
N,N-derived,13900,4,48884,524288,0.0932388305664,0.0932388305664,2.62710576256e-07,0.000512552998485,0.0929260253906,0.0932388305664,0.0935516357422
N,N-derived,14000,4,48976,524288,0.0934143066406,0.0934143066406,3.44938598573e-07,0.000587314735532,0.0929927825928,0.0932502746582,0.0936717987061
N,N-derived,14100,4,49298,524288,0.0940284729004,0.0940284729004,4.48761663089e-07,0.000669896755545,0.0936641693115,0.09375,0.0941143035889
N,N-derived,14200,4,49235,524288,0.0939083099365,0.0939083099365,7.8400868612e-08,0.000280001551089,0.0936737060547,0.0939140319824,0.0941486358643
N,N-derived,14300,4,48980,524288,0.0934219360352,0.0934219360352,4.13157977164e-07,0.000642773659357,0.093074798584,0.0934715270996,0.0938186645508
N,N-derived,14400,4,48933,524288,0.0933322906494,0.0933322906494,1.08772170885e-06,0.00104293897657,0.0926418304443,0.0934066772461,0.0940971374512
N,N-derived,14500,4,48936,524288,0.0933380126953,0.0933380126953,8.92595077554e-07,0.000944772500422,0.0927886962891,0.0934600830078,0.0940093994141
N,N-derived,14600,4,49060,524288,0.0935745239258,0.0935745239258,1.60160319259e-06,0.00126554462291,0.0933437347412,0.0939712524414,0.094202041626
N,N-derived,14700,4,48859,524288,0.0931911468506,0.0931911468506,4.26521485982e-07,0.000653086124475,0.0926666259766,0.0931510925293,0.0936756134033
N,N-derived,14800,4,49063,524288,0.0935802459717,0.0935802459717,1.07116647996e-07,0.000327286797772,0.093355178833,0.0935478210449,0.0937728881836
N,N-derived,14900,4,49073,524288,0.093599319458,0.093599319458,1.49297799605e-07,0.000386390734367,0.093469619751,0.0935935974121,0.0937232971191
N,N-derived,15000,4,49093,524288,0.0936374664307,0.0936374664307,5.78016624786e-07,0.000760274045845,0.0930576324463,0.0935134887695,0.0940933227539
N,N-derived,15100,4,48943,524288,0.0933513641357,0.0933513641357,6.80268082457e-07,0.000824783657972,0.093168258667,0.0934867858887,0.0936698913574
N,N-derived,15200,4,48953,524288,0.0933704376221,0.0933704376221,3.97262435096e-07,0.000630287581264,0.0930652618408,0.0931930541992,0.0934982299805
N,N-derived,15300,4,48882,524288,0.0932350158691,0.0932350158691,2.16745926688e-07,0.000465559799261,0.0929298400879,0.0932388305664,0.0935440063477
N,N-derived,15400,4,48968,524288,0.0933990478516,0.0933990478516,7.49132595956e-07,0.000865524462945,0.092981338501,0.0931701660156,0.0935878753662
N,N-derived,15500,4,48839,524288,0.0931529998779,0.0931529998779,7.68860142368e-07,0.00087684670403,0.0925235748291,0.0931701660156,0.0937995910645
N,N-derived,15600,4,48870,524288,0.0932121276855,0.0932121276855,2.48837750405e-07,0.000498836396432,0.0928592681885,0.0932502746582,0.0936031341553
N,N-derived,15700,4,48829,524288,0.0931339263916,0.0931339263916,2.72698040741e-07,0.000522204979621,0.0927314758301,0.0930633544922,0.0934658050537
N,N-derived,15800,4,48828,524288,0.093132019043,0.093132019043,3.15601937473e-07,0.000561784600601,0.0927715301514,0.0929641723633,0.0933246612549
N,N-derived,15900,4,49006,524288,0.0934715270996,0.0934715270996,6.14071420083e-07,0.000783627092489,0.0930938720703,0.0935859680176,0.0939636230469
N,N-derived,16000,4,48990,524288,0.0934410095215,0.0934410095215,9.97155439109e-07,0.000998576706672,0.0929775238037,0.093090057373,0.0935535430908
N,R-derived,100,4,45560,524288,0.0868988037109,0.0868988037109,2.50331747035e-07,0.000500331637052,0.0867214202881,0.0868606567383,0.0870380401611
N,R-derived,200,4,56442,524288,0.107654571533,0.107654571533,5.85860107094e-07,0.000765414990116,0.107406616211,0.107841491699,0.108089447021
N,R-derived,300,4,63036,524288,0.120231628418,0.120231628418,1.37909470747e-06,0.00117434863114,0.119649887085,0.120056152344,0.120637893677
N,R-derived,400,4,66751,524288,0.127317428589,0.127317428589,1.92381655021e-06,0.00138701714128,0.126705169678,0.127498626709,0.12811088562
N,R-derived,500,4,68556,524288,0.130760192871,0.130760192871,1.72682727377e-07,0.000415551112833,0.130645751953,0.130836486816,0.130950927734
N,R-derived,600,4,69381,524288,0.132333755493,0.132333755493,3.5803047164e-07,0.000598356475389,0.131910324097,0.132236480713,0.132659912109
N,R-derived,700,4,69358,524288,0.132289886475,0.132289886475,2.55706254393e-07,0.000505674059442,0.132221221924,0.132469177246,0.132537841797
N,R-derived,800,4,68698,524288,0.131031036377,0.131031036377,8.79847599814e-07,0.000938001918876,0.130805969238,0.13117980957,0.131404876709
N,R-derived,900,4,67790,524288,0.129299163818,0.129299163818,1.35687878355e-06,0.00116485139977,0.128496170044,0.12915802002,0.129961013794
N,R-derived,1000,4,66778,524288,0.127368927002,0.127368927002,8.97387508303e-07,0.000947305393367,0.126873016357,0.127029418945,0.12752532959
N,R-derived,1100,4,65754,524288,0.125415802002,0.125415802002,8.87104154875e-07,0.000941862067861,0.125127792358,0.125564575195,0.125852584839
N,R-derived,1200,4,64756,524288,0.123512268066,0.123512268066,1.75360279779e-07,0.000418760408562,0.123279571533,0.123554229736,0.12378692627
N,R-derived,1300,4,63844,524288,0.121772766113,0.121772766113,1.73730465273e-07,0.000416809867053,0.121448516846,0.121746063232,0.1220703125
N,R-derived,1400,4,62784,524288,0.119750976562,0.119750976562,1.82655639946e-07,0.000427382311223,0.119602203369,0.119731903076,0.11988067627
N,R-derived,1500,4,61861,524288,0.117990493774,0.117990493774,4.55082044937e-07,0.000674597691174,0.117668151855,0.118129730225,0.118452072144
N,R-derived,1600,4,61043,524288,0.116430282593,0.116430282593,1.7044658307e-07,0.000412851768883,0.11626625061,0.116455078125,0.116619110107
N,R-derived,1700,4,60250,524288,0.114917755127,0.114917755127,4.41311082492e-07,0.000664312488587,0.114694595337,0.115032196045,0.115255355835
N,R-derived,1800,4,59583,524288,0.113645553589,0.113645553589,1.31641475794e-07,0.000362824304305,0.113510131836,0.113731384277,0.11386680603
N,R-derived,1900,4,59181,524288,0.112878799438,0.112878799438,5.99684426561e-08,0.000244884549648,0.11273765564,0.112922668457,0.113063812256
N,R-derived,2000,4,58698,524288,0.111957550049,0.111957550049,1.09236376981e-08,0.000104516207825,0.111949920654,0.112007141113,0.112014770508
N,R-derived,2100,4,58179,524288,0.110967636108,0.110967636108,7.82092683949e-07,0.000884360042035,0.110647201538,0.111019134521,0.111339569092
N,R-derived,2200,4,57555,524288,0.109777450562,0.109777450562,1.09858713889e-06,0.00104813507664,0.10962677002,0.110103607178,0.11025428772
N,R-derived,2300,4,57392,524288,0.109466552734,0.109466552734,4.6663141499e-07,0.000683104248991,0.109024047852,0.109561920166,0.110004425049
N,R-derived,2400,4,57015,524288,0.1087474823,0.1087474823,1.3216000904e-06,0.00114960866837,0.108102798462,0.109001159668,0.109645843506
N,R-derived,2500,4,56753,524288,0.108247756958,0.108247756958,1.21197566235e-06,0.00110089766207,0.107545852661,0.108287811279,0.108989715576
N,R-derived,2600,4,56467,524288,0.107702255249,0.107702255249,1.902396131e-06,0.00137927376942,0.106660842896,0.107627868652,0.108669281006
N,R-derived,2700,4,56023,524288,0.106855392456,0.106855392456,1.27755629364e-06,0.00113029035811,0.106199264526,0.106716156006,0.107372283936
N,R-derived,2800,4,55790,524288,0.106410980225,0.106410980225,3.63739673048e-07,0.000603108342712,0.106021881104,0.1064453125,0.106834411621
N,R-derived,2900,4,55704,524288,0.106246948242,0.106246948242,5.02681359649e-07,0.000709000253631,0.105785369873,0.106079101562,0.106540679932
N,R-derived,3000,4,55286,524288,0.105449676514,0.105449676514,5.03476864348e-07,0.000709561036379,0.104959487915,0.10542678833,0.105916976929
N,R-derived,3100,4,54969,524288,0.104845046997,0.104845046997,1.97493742841e-07,0.000444402680956,0.104730606079,0.104969024658,0.105083465576
N,R-derived,3200,4,54531,524288,0.104009628296,0.104009628296,3.60630413828e-07,0.000600525115068,0.103750228882,0.104095458984,0.104354858398
N,R-derived,3300,4,54220,524288,0.103416442871,0.103416442871,3.66708263755e-08,0.000191496282929,0.103298187256,0.103420257568,0.103538513184
N,R-derived,3400,4,54460,524288,0.103874206543,0.103874206543,4.88090639313e-07,0.00069863483975,0.10355758667,0.103736877441,0.104053497314
N,R-derived,3500,4,54610,524288,0.104160308838,0.104160308838,2.03280554463e-07,0.000450866448589,0.104099273682,0.104335784912,0.104396820068
N,R-derived,3600,4,54299,524288,0.103567123413,0.103567123413,6.31504614527e-08,0.000251297555604,0.103416442871,0.103618621826,0.103769302368
N,R-derived,3700,4,54070,524288,0.103130340576,0.103130340576,1.16357114166e-07,0.000341111586092,0.102937698364,0.103023529053,0.103216171265
N,R-derived,3800,4,53974,524288,0.102947235107,0.102947235107,1.07825811331e-06,0.00103839208073,0.102458953857,0.102672576904,0.103160858154
N,R-derived,3900,4,53844,524288,0.102699279785,0.102699279785,1.89011916518e-06,0.00137481604776,0.10209274292,0.10279083252,0.103397369385
N,R-derived,4000,4,53452,524288,0.101951599121,0.101951599121,5.47966919839e-07,0.000740247877295,0.101362228394,0.101982116699,0.102571487427
N,R-derived,4100,4,53450,524288,0.101947784424,0.101947784424,9.79848361264e-07,0.000989872901571,0.101276397705,0.102085113525,0.102756500244
N,R-derived,4200,4,53191,524288,0.101453781128,0.101453781128,5.45187504031e-07,0.000738368135845,0.100971221924,0.10152053833,0.102003097534
N,R-derived,4300,4,53227,524288,0.101522445679,0.101522445679,6.03007113871e-07,0.000776535326866,0.101051330566,0.101482391357,0.10195350647
N,R-derived,4400,4,53019,524288,0.101125717163,0.101125717163,8.1767696732e-07,0.000904254923857,0.100545883179,0.100994110107,0.101573944092
N,R-derived,4500,4,53275,524288,0.101613998413,0.101613998413,5.0859428787e-07,0.000713157968384,0.101142883301,0.101425170898,0.101896286011
N,R-derived,4600,4,53119,524288,0.101316452026,0.101316452026,7.51412396009e-08,0.000274119024515,0.101264953613,0.10139465332,0.101446151733
N,R-derived,4700,4,52869,524288,0.100839614868,0.100839614868,1.12743388551e-07,0.00033577282283,0.100561141968,0.10082244873,0.101100921631
N,R-derived,4800,4,52636,524288,0.100395202637,0.100395202637,4.88517495493e-07,0.000698940266041,0.0998878479004,0.100368499756,0.100875854492
N,R-derived,4900,4,52827,524288,0.100759506226,0.100759506226,6.46274808484e-07,0.000803912189536,0.100368499756,0.100940704346,0.101331710815
N,R-derived,5000,4,52663,524288,0.10044670105,0.10044670105,4.68392196732e-07,0.000684391844437,0.100028991699,0.100219726562,0.100637435913
N,R-derived,5100,4,52926,524288,0.10094833374,0.10094833374,1.04736924792e-06,0.00102341059596,0.100606918335,0.10124206543,0.101583480835
N,R-derived,5200,4,52898,524288,0.100894927979,0.100894927979,1.84857829784e-06,0.00135962432232,0.100536346436,0.101387023926,0.101745605469
N,R-derived,5300,4,52818,524288,0.100742340088,0.100742340088,1.08772655949e-06,0.00104294130203,0.0999965667725,0.10041809082,0.101163864136
N,R-derived,5400,4,52621,524288,0.100366592407,0.100366592407,1.39945768751e-07,0.000374093262103,0.100238800049,0.100425720215,0.100553512573
N,R-derived,5500,4,52676,524288,0.100471496582,0.100471496582,9.15761726598e-07,0.000956954401525,0.0998592376709,0.100635528564,0.101247787476
N,R-derived,5600,4,52681,524288,0.100481033325,0.100481033325,1.35834852699e-06,0.00116548210067,0.0996170043945,0.100391387939,0.10125541687
N,R-derived,5700,4,52639,524288,0.100400924683,0.100400924683,6.4134655986e-07,0.000800841157696,0.0998573303223,0.100166320801,0.100709915161
N,R-derived,5800,4,52596,524288,0.100318908691,0.100318908691,4.2759347707e-07,0.000653906321326,0.100040435791,0.100231170654,0.100509643555
N,R-derived,5900,4,52672,524288,0.100463867188,0.100463867188,1.54327911635e-07,0.000392845913349,0.100187301636,0.100360870361,0.100637435913
N,R-derived,6000,4,52328,524288,0.0998077392578,0.0998077392578,1.8331532677e-07,0.000428153391637,0.0995140075684,0.0996551513672,0.0999488830566
N,R-derived,6100,4,52223,524288,0.0996074676514,0.0996074676514,1.12588168122e-07,0.000335541604159,0.0994358062744,0.0996017456055,0.0997734069824
N,R-derived,6200,4,52295,524288,0.0997447967529,0.0997447967529,3.00172056692e-07,0.000547879600544,0.099609375,0.0999641418457,0.100099563599
N,R-derived,6300,4,52451,524288,0.10004234314,0.10004234314,1.53721581834e-07,0.000392073439338,0.0998268127441,0.100067138672,0.100282669067
N,R-derived,6400,4,52291,524288,0.0997371673584,0.0997371673584,5.27414764899e-07,0.000726233271682,0.0995349884033,0.0999069213867,0.100109100342
N,R-derived,6500,4,52250,524288,0.0996589660645,0.0996589660645,1.48990269129e-06,0.00122061570172,0.0988712310791,0.0998191833496,0.100606918335
N,R-derived,6600,4,51993,524288,0.0991687774658,0.0991687774658,8.90824594535e-07,0.000943835046253,0.0989818572998,0.0993957519531,0.0995826721191
N,R-derived,6700,4,52114,524288,0.0993995666504,0.0993995666504,1.64504551018e-06,0.00128259327543,0.0990467071533,0.0998878479004,0.100240707397
N,R-derived,6800,4,52232,524288,0.0996246337891,0.0996246337891,1.11591846993e-06,0.00105637042269,0.0993595123291,0.0998077392578,0.100072860718
N,R-derived,6900,4,52191,524288,0.0995464324951,0.0995464324951,1.05888951415e-06,0.00102902357317,0.0991306304932,0.099666595459,0.100082397461
N,R-derived,7000,4,52087,524288,0.0993480682373,0.0993480682373,1.38135995561e-06,0.00117531270546,0.0987110137939,0.0989418029785,0.0995788574219
N,R-derived,7100,4,52303,524288,0.099760055542,0.099760055542,4.83060527282e-07,0.000695025558726,0.0993824005127,0.099437713623,0.0998153686523
N,R-derived,7200,4,52081,524288,0.0993366241455,0.0993366241455,3.8922977789e-07,0.000623882823846,0.098949432373,0.0991668701172,0.0995540618896
N,R-derived,7300,4,52329,524288,0.0998096466064,0.0998096466064,6.906290461e-07,0.00083104094129,0.0990943908691,0.0997924804688,0.100507736206
N,R-derived,7400,4,52431,524288,0.100004196167,0.100004196167,5.1243599349e-07,0.000715846347682,0.0999164581299,0.100318908691,0.100406646729
N,R-derived,7500,4,52639,524288,0.100400924683,0.100400924683,3.78519568282e-07,0.000615239439797,0.100034713745,0.100505828857,0.100872039795
N,R-derived,7600,4,52801,524288,0.100709915161,0.100709915161,8.31375170189e-07,0.000911797768252,0.100406646729,0.100887298584,0.101190567017
N,R-derived,7700,4,52719,524288,0.100553512573,0.100553512573,1.63044993921e-06,0.00127689073112,0.100214004517,0.100685119629,0.101024627686
N,R-derived,7800,4,52727,524288,0.100568771362,0.100568771362,1.53429088338e-06,0.0012386649601,0.099910736084,0.100448608398,0.101106643677
N,R-derived,7900,4,52436,524288,0.10001373291,0.10001373291,8.34930688143e-07,0.000913745417577,0.099422454834,0.0996627807617,0.100254058838
N,R-derived,8000,4,52439,524288,0.100019454956,0.100019454956,1.44368095789e-06,0.00120153275357,0.0991725921631,0.0998344421387,0.100681304932
N,R-derived,8100,4,52545,524288,0.100221633911,0.100221633911,5.29781876442e-07,0.000727861165637,0.0998516082764,0.100208282471,0.100578308105
N,R-derived,8200,4,52540,524288,0.100212097168,0.100212097168,1.24874835213e-07,0.000353376336521,0.0999755859375,0.100105285645,0.100341796875
N,R-derived,8300,4,52335,524288,0.0998210906982,0.0998210906982,1.59348322389e-07,0.000399184571832,0.0996017456055,0.0998229980469,0.10004234314
N,R-derived,8400,4,52175,524288,0.099515914917,0.099515914917,7.70814949647e-08,0.00027763554341,0.0993423461914,0.099552154541,0.0997257232666
N,R-derived,8500,4,51899,524288,0.0989894866943,0.0989894866943,8.06190655567e-07,0.000897881203482,0.098690032959,0.0990829467773,0.0993824005127
N,R-derived,8600,4,52153,524288,0.0994739532471,0.0994739532471,8.24351445772e-07,0.000907938018684,0.0990085601807,0.0996131896973,0.100078582764
N,R-derived,8700,4,52236,524288,0.0996322631836,0.0996322631836,2.37138010561e-07,0.000486968182289,0.0992774963379,0.0996131896973,0.099967956543
N,R-derived,8800,4,52102,524288,0.0993766784668,0.0993766784668,1.89310715844e-07,0.000435098512804,0.0990409851074,0.099308013916,0.0996437072754
N,R-derived,8900,4,51869,524288,0.0989322662354,0.0989322662354,3.30595260796e-07,0.000574974139241,0.0985736846924,0.0989265441895,0.0992851257324
N,R-derived,9000,4,51874,524288,0.0989418029785,0.0989418029785,5.51672807584e-07,0.000742746799107,0.0987873077393,0.0992088317871,0.0993633270264
N,R-derived,9100,4,51773,524288,0.0987491607666,0.0987491607666,9.45539795794e-07,0.000972388706122,0.098237991333,0.0985107421875,0.0990219116211
N,R-derived,9200,4,51798,524288,0.0987968444824,0.0987968444824,6.73870090395e-07,0.000820895907162,0.0984649658203,0.0989532470703,0.0992851257324
N,R-derived,9300,4,51848,524288,0.0988922119141,0.0988922119141,7.52275809646e-07,0.000867338347847,0.0981941223145,0.0989303588867,0.0996284484863
N,R-derived,9400,4,52058,524288,0.099292755127,0.099292755127,4.76158068826e-07,0.000690042077576,0.0990333557129,0.0993461608887,0.0996055603027
N,R-derived,9500,4,52120,524288,0.0994110107422,0.0994110107422,6.45173713565e-07,0.000803227062271,0.0992088317871,0.099494934082,0.0996971130371
N,R-derived,9600,4,52210,524288,0.0995826721191,0.0995826721191,4.0487308676e-07,0.000636296382797,0.0993766784668,0.0996780395508,0.0998840332031
N,R-derived,9700,4,51925,524288,0.0990390777588,0.0990390777588,3.51938069798e-07,0.000593243685005,0.0986919403076,0.0988006591797,0.0991477966309
N,R-derived,9800,4,52163,524288,0.0994930267334,0.0994930267334,9.4658753369e-07,0.000972927301339,0.0989608764648,0.0994987487793,0.100030899048
N,R-derived,9900,4,51919,524288,0.099027633667,0.099027633667,2.85348505713e-07,0.000534180218384,0.098840713501,0.0991287231445,0.0993156433105
N,R-derived,10000,4,51974,524288,0.0991325378418,0.0991325378418,1.00371350224e-06,0.00100185503055,0.0988006591797,0.0992660522461,0.0995979309082
N,R-derived,10100,4,51850,524288,0.0988960266113,0.0988960266113,4.7410139814e-07,0.000688550214683,0.0985412597656,0.0988388061523,0.099193572998
N,R-derived,10200,4,51986,524288,0.0991554260254,0.0991554260254,9.06351488084e-07,0.000952024940894,0.0986099243164,0.0988883972168,0.0994338989258
N,R-derived,10300,4,51871,524288,0.0989360809326,0.0989360809326,6.88960426487e-07,0.0008300364007,0.098258972168,0.0987892150879,0.0994663238525
N,R-derived,10400,4,51947,524288,0.0990810394287,0.0990810394287,8.59082016783e-07,0.000926866774021,0.0986824035645,0.099235534668,0.0996341705322
N,R-derived,10500,4,51825,524288,0.0988483428955,0.0988483428955,3.69555588501e-07,0.000607910839269,0.0985946655273,0.0988693237305,0.0991230010986
N,R-derived,10600,4,51878,524288,0.098949432373,0.098949432373,6.91836855064e-07,0.000831767308244,0.0985126495361,0.0989418029785,0.0993785858154
N,R-derived,10700,4,51871,524288,0.0989360809326,0.0989360809326,6.53623525674e-08,0.0002556606199,0.0987491607666,0.0989074707031,0.0990943908691
N,R-derived,10800,4,51742,524288,0.098690032959,0.098690032959,8.71756734947e-08,0.000295255268361,0.0986385345459,0.0987701416016,0.0988216400146
N,R-derived,10900,4,51848,524288,0.0988922119141,0.0988922119141,4.97093424201e-07,0.000705048526132,0.0984954833984,0.0986022949219,0.0989990234375
N,R-derived,11000,4,51821,524288,0.098840713501,0.098840713501,3.64704950092e-07,0.000603908064271,0.0984077453613,0.0986747741699,0.0991077423096
N,R-derived,11100,4,51747,524288,0.0986995697021,0.0986995697021,3.49376932718e-07,0.00059108115578,0.0984134674072,0.098560333252,0.0988464355469
N,R-derived,11200,4,51941,524288,0.0990695953369,0.0990695953369,3.67770553567e-07,0.000606440890414,0.0985851287842,0.0990447998047,0.0995292663574
N,R-derived,11300,4,52019,524288,0.0992183685303,0.0992183685303,2.3482425604e-07,0.000484586685785,0.0989837646484,0.0993499755859,0.0995845794678
N,R-derived,11400,4,52056,524288,0.0992889404297,0.0992889404297,5.07337972522e-07,0.000712276612365,0.0988578796387,0.0994338989258,0.0998649597168
N,R-derived,11500,4,52155,524288,0.0994777679443,0.0994777679443,7.77799868956e-08,0.000278890636085,0.099328994751,0.099365234375,0.0995140075684
N,R-derived,11600,4,52264,524288,0.0996856689453,0.0996856689453,1.15910855432e-07,0.000340456833435,0.0995407104492,0.0997734069824,0.0999183654785
N,R-derived,11700,4,52265,524288,0.0996875762939,0.0996875762939,8.31884487222e-09,9.12077018251e-05,0.0996475219727,0.0996856689453,0.0997257232666
N,R-derived,11800,4,52464,524288,0.100067138672,0.100067138672,2.11681860189e-07,0.000460088969862,0.099853515625,0.0999183654785,0.100131988525
N,R-derived,11900,4,52504,524288,0.100143432617,0.100143432617,9.64500941336e-07,0.000982090088198,0.0994739532471,0.100242614746,0.100912094116
N,R-derived,12000,4,52556,524288,0.100242614746,0.100242614746,1.39911814282e-06,0.00118284324525,0.0992755889893,0.100021362305,0.100988388062
N,R-derived,12100,4,52231,524288,0.0996227264404,0.0996227264404,1.6810906042e-06,0.00129656878113,0.0989360809326,0.0991249084473,0.0998115539551
N,R-derived,12200,4,52162,524288,0.0994911193848,0.0994911193848,6.04991024981e-07,0.000777811689923,0.0990734100342,0.0993232727051,0.0997409820557
N,R-derived,12300,4,52031,524288,0.0992412567139,0.0992412567139,7.03085485535e-07,0.000838501929357,0.0989608764648,0.099250793457,0.0995311737061
N,R-derived,12400,4,52187,524288,0.0995388031006,0.0995388031006,9.41348844208e-07,0.000970231335408,0.0991325378418,0.0997314453125,0.100137710571
N,R-derived,12500,4,52053,524288,0.0992832183838,0.0992832183838,1.51393275398e-07,0.000389092887878,0.0991077423096,0.0991516113281,0.0993270874023
N,R-derived,12600,4,51836,524288,0.0988693237305,0.0988693237305,1.65814223389e-07,0.000407202926547,0.0986843109131,0.0987358093262,0.0989208221436
N,R-derived,12700,4,51897,524288,0.0989856719971,0.0989856719971,4.60374091441e-08,0.000214563298689,0.0988826751709,0.098934173584,0.0990371704102
N,R-derived,12800,4,51988,524288,0.0991592407227,0.0991592407227,5.17931766808e-07,0.000719674764604,0.0987071990967,0.099292755127,0.0997447967529
N,R-derived,12900,4,52192,524288,0.0995483398438,0.0995483398438,2.40669275324e-07,0.000490580549272,0.0993309020996,0.0995254516602,0.0997428894043
N,R-derived,13000,4,52080,524288,0.0993347167969,0.0993347167969,1.262446555e-06,0.00112358646975,0.0987777709961,0.0990257263184,0.0995826721191
N,R-derived,13100,4,51945,524288,0.0990772247314,0.0990772247314,7.89155213473e-07,0.000888344085067,0.0985469818115,0.0989227294922,0.0994529724121
N,R-derived,13200,4,52037,524288,0.0992527008057,0.0992527008057,3.08942010937e-07,0.000555825522027,0.0988216400146,0.099235534668,0.099666595459
N,R-derived,13300,4,51880,524288,0.0989532470703,0.0989532470703,9.77073796093e-07,0.000988470432584,0.098539352417,0.0992240905762,0.0996379852295
N,R-derived,13400,4,51874,524288,0.0989418029785,0.0989418029785,8.4643640245e-07,0.000920019783728,0.0981826782227,0.0989036560059,0.0996627807617
N,R-derived,13500,4,51751,524288,0.0987071990967,0.0987071990967,4.52225018914e-08,0.000212655829667,0.0985469818115,0.0986671447754,0.0988273620605
N,R-derived,13600,4,51785,524288,0.0987720489502,0.0987720489502,1.45145653126e-07,0.000380979859213,0.0985870361328,0.0988578796387,0.0990428924561
N,R-derived,13700,4,51660,524288,0.0985336303711,0.0985336303711,2.92551703751e-07,0.000540880489342,0.0982418060303,0.0983581542969,0.0986499786377
N,R-derived,13800,4,51858,524288,0.0989112854004,0.0989112854004,1.00716715679e-06,0.00100357718028,0.0985355377197,0.0991897583008,0.0995655059814
N,R-derived,13900,4,51825,524288,0.0988483428955,0.0988483428955,2.55740208862e-07,0.000505707631801,0.0984802246094,0.0988998413086,0.0992679595947
N,R-derived,14000,4,51924,524288,0.0990371704102,0.0990371704102,2.9713070641e-07,0.000545096969731,0.0986824035645,0.099048614502,0.0994033813477
N,R-derived,14100,4,52227,524288,0.0996150970459,0.0996150970459,2.24734928148e-07,0.000474062156419,0.0994777679443,0.0996360778809,0.0997734069824
N,R-derived,14200,4,52137,524288,0.0994434356689,0.0994434356689,1.2799379571e-07,0.000357762205536,0.0992412567139,0.099437713623,0.0996398925781
N,R-derived,14300,4,51906,524288,0.0990028381348,0.0990028381348,4.48528832446e-07,0.000669722952007,0.0987377166748,0.0989608764648,0.0992259979248
N,R-derived,14400,4,51861,524288,0.0989170074463,0.0989170074463,1.76875134154e-06,0.00132994411219,0.0979785919189,0.0989685058594,0.0999069213867
N,R-derived,14500,4,51832,524288,0.0988616943359,0.0988616943359,1.01572368294e-06,0.0010078311778,0.098461151123,0.0990715026855,0.0994720458984
N,R-derived,14600,4,51943,524288,0.0990734100342,0.0990734100342,1.91473615511e-06,0.00138373991599,0.0987701416016,0.0994873046875,0.0997905731201
N,R-derived,14700,4,51750,524288,0.098705291748,0.098705291748,4.38517114768e-07,0.000662206247908,0.0983200073242,0.0987968444824,0.0991821289062
N,R-derived,14800,4,52001,524288,0.0991840362549,0.0991840362549,1.66255631484e-07,0.000407744566468,0.0988883972168,0.0992164611816,0.0995121002197
N,R-derived,14900,4,51949,524288,0.099084854126,0.099084854126,1.23958064554e-07,0.000352076787865,0.098934173584,0.0990295410156,0.0991802215576
N,R-derived,15000,4,51941,524288,0.0990695953369,0.0990695953369,5.63503514665e-07,0.00075066871166,0.0984745025635,0.0988998413086,0.099494934082
N,R-derived,15100,4,51829,524288,0.09885597229,0.09885597229,1.1946685845e-06,0.00109300895902,0.0985507965088,0.0991630554199,0.0994682312012
N,R-derived,15200,4,51859,524288,0.098913192749,0.098913192749,5.16626945076e-07,0.000718767657227,0.0985202789307,0.0989112854004,0.0993041992188
N,R-derived,15300,4,51792,524288,0.0987854003906,0.0987854003906,3.34500024716e-07,0.000578359771004,0.098331451416,0.0988006591797,0.0992546081543
N,R-derived,15400,4,51835,524288,0.0988674163818,0.0988674163818,6.99825856524e-07,0.000836555949428,0.0984573364258,0.0985717773438,0.0989818572998
N,R-derived,15500,4,51722,524288,0.0986518859863,0.0986518859863,8.87569816162e-07,0.000942109237914,0.0978698730469,0.0985832214355,0.099365234375
N,R-derived,15600,4,51729,524288,0.0986652374268,0.0986652374268,3.74677862662e-07,0.00061210935515,0.0983276367188,0.0987548828125,0.0990924835205
N,R-derived,15700,4,51645,524288,0.0985050201416,0.0985050201416,3.51045552331e-07,0.000592490972362,0.0980529785156,0.0983924865723,0.0988445281982
N,R-derived,15800,4,51708,524288,0.0986251831055,0.0986251831055,1.77533365786e-07,0.000421347084701,0.09840965271,0.0985717773438,0.0987873077393
N,R-derived,15900,4,51899,524288,0.0989894866943,0.0989894866943,7.02930265106e-07,0.000838409366065,0.0988121032715,0.0992622375488,0.0994396209717
N,R-derived,16000,4,51798,524288,0.0987968444824,0.0987968444824,8.02509021014e-07,0.000895828678383,0.0983180999756,0.0985641479492,0.0990428924561
N,all,100,4,45804,524288,0.0873641967773,0.0873641967773,2.72683488826e-07,0.00052219104629,0.0871601104736,0.0873374938965,0.0875415802002
N,all,200,4,56646,524288,0.108043670654,0.108043670654,7.18767599513e-07,0.000847801627454,0.107707977295,0.108203887939,0.108539581299
N,all,300,4,63211,524288,0.120565414429,0.120565414429,1.49692156507e-06,0.00122348746012,0.119985580444,0.120391845703,0.120971679688
N,all,400,4,66883,524288,0.127569198608,0.127569198608,2.10538564716e-06,0.00145099470955,0.126907348633,0.127773284912,0.128435134888
N,all,500,4,68684,524288,0.131004333496,0.131004333496,1.69384293258e-07,0.000411563231179,0.130926132202,0.13111114502,0.131189346313
N,all,600,4,69506,524288,0.132572174072,0.132572174072,3.43444601943e-07,0.000586041467768,0.132190704346,0.132526397705,0.132907867432
N,all,700,4,69473,524288,0.132509231567,0.132509231567,2.16469440299e-07,0.000465262764789,0.132429122925,0.132667541504,0.132747650146
N,all,800,4,68800,524288,0.131225585938,0.131225585938,8.53983995815e-07,0.000924112544994,0.130952835083,0.13130569458,0.131578445435
N,all,900,4,67890,524288,0.129489898682,0.129489898682,1.31721996392e-06,0.00114770203621,0.128671646118,0.129356384277,0.130174636841
N,all,1000,4,66870,524288,0.127544403076,0.127544403076,8.80972947925e-07,0.000938601591691,0.12705039978,0.127193450928,0.127687454224
N,all,1100,4,65850,524288,0.125598907471,0.125598907471,8.75035766512e-07,0.000935433464503,0.125339508057,0.125755310059,0.126014709473
N,all,1200,4,64840,524288,0.123672485352,0.123672485352,1.58014396826e-07,0.000397510247448,0.123428344727,0.12370300293,0.123947143555
N,all,1300,4,63938,524288,0.121952056885,0.121952056885,1.7541848744e-07,0.000418829902752,0.121597290039,0.121898651123,0.122253417969
N,all,1400,4,62874,524288,0.119922637939,0.119922637939,1.869436043e-07,0.000432369754146,0.119750976562,0.119888305664,0.120059967041
N,all,1500,4,61938,524288,0.118137359619,0.118137359619,4.50701918453e-07,0.000671343368518,0.117839813232,0.118282318115,0.118579864502
N,all,1600,4,61128,524288,0.116592407227,0.116592407227,1.46372864644e-07,0.000382587068056,0.116439819336,0.116600036621,0.116752624512
N,all,1700,4,60332,524288,0.115074157715,0.115074157715,4.47500497103e-07,0.000668954779565,0.114826202393,0.115180969238,0.115428924561
N,all,1800,4,59667,524288,0.113805770874,0.113805770874,1.24035674768e-07,0.000352186988357,0.113674163818,0.113887786865,0.114019393921
N,all,1900,4,59258,524288,0.113025665283,0.113025665283,5.81494532526e-08,0.000241141977375,0.112903594971,0.113079071045,0.113201141357
N,all,2000,4,58768,524288,0.112091064453,0.112091064453,9.50725128253e-09,9.7505134647e-05,0.112077713013,0.112133026123,0.112146377563
N,all,2100,4,58258,524288,0.11111831665,0.11111831665,7.7379324163e-07,0.00087965518337,0.110803604126,0.111183166504,0.111497879028
N,all,2200,4,57629,524288,0.10991859436,0.10991859436,1.07747716053e-06,0.00103801597316,0.109785079956,0.110248565674,0.110382080078
N,all,2300,4,57467,524288,0.109609603882,0.109609603882,4.13521775045e-07,0.000643056587747,0.109205245972,0.109722137451,0.110126495361
N,all,2400,4,57099,524288,0.108907699585,0.108907699585,1.27049376412e-06,0.00112716181807,0.108276367188,0.109134674072,0.10976600647
N,all,2500,4,56832,524288,0.1083984375,0.1083984375,1.1957793807e-06,0.00109351697778,0.107713699341,0.108448028564,0.109132766724
N,all,2600,4,56561,524288,0.107881546021,0.107881546021,1.8501256515e-06,0.0013601932405,0.106842041016,0.107791900635,0.10883140564
N,all,2700,4,56097,524288,0.106996536255,0.106996536255,1.24787038658e-06,0.00111708119068,0.106357574463,0.106880187988,0.10751914978
N,all,2800,4,55859,524288,0.10654258728,0.10654258728,3.49221712289e-07,0.000590949839063,0.106143951416,0.106559753418,0.106958389282
N,all,2900,4,55763,524288,0.106359481812,0.106359481812,4.80848636168e-07,0.000693432502965,0.10590171814,0.106201171875,0.106658935547
N,all,3000,4,55343,524288,0.105558395386,0.105558395386,4.75997997758e-07,0.000689926081373,0.105087280273,0.105541229248,0.10601234436
N,all,3100,4,55036,524288,0.104972839355,0.104972839355,1.89756974578e-07,0.000435611035877,0.104816436768,0.105072021484,0.105228424072
N,all,3200,4,54590,524288,0.104122161865,0.104122161865,3.71345474074e-07,0.000609381222286,0.103858947754,0.104187011719,0.10445022583
N,all,3300,4,54283,524288,0.103536605835,0.103536605835,3.77719212944e-08,0.000194349996898,0.103427886963,0.103546142578,0.10365486145
N,all,3400,4,54512,524288,0.103973388672,0.103973388672,4.7175368915e-07,0.000686843278449,0.103662490845,0.103847503662,0.104158401489
N,all,3500,4,54657,524288,0.104249954224,0.104249954224,2.20078315275e-07,0.000469125052918,0.104200363159,0.104434967041,0.104484558105
N,all,3600,4,54347,524288,0.103658676147,0.103658676147,6.99413552259e-08,0.000264464279679,0.103507995605,0.103710174561,0.103860855103
N,all,3700,4,54124,524288,0.103233337402,0.103233337402,1.29104591906e-07,0.000359311274393,0.103019714355,0.103115081787,0.103328704834
N,all,3800,4,54018,524288,0.103031158447,0.103031158447,1.05679888899e-06,0.0010280072417,0.102550506592,0.102760314941,0.103240966797
N,all,3900,4,53886,524288,0.102779388428,0.102779388428,1.926770589e-06,0.00138808162188,0.102174758911,0.102882385254,0.103487014771
N,all,4000,4,53498,524288,0.102039337158,0.102039337158,5.35879128923e-07,0.0007320376554,0.101463317871,0.102088928223,0.10266494751
N,all,4100,4,53495,524288,0.102033615112,0.102033615112,1.00083707366e-06,0.00100041844928,0.10135269165,0.102172851562,0.102853775024
N,all,4200,4,53236,524288,0.101539611816,0.101539611816,5.82348244886e-07,0.000763117451567,0.101037979126,0.10160446167,0.10210609436
N,all,4300,4,53283,524288,0.101629257202,0.101629257202,6.17326198456e-07,0.000785701087218,0.10115814209,0.101600646973,0.102071762085
N,all,4400,4,53079,524288,0.101240158081,0.101240158081,8.57917863565e-07,0.00092623855651,0.100656509399,0.10111618042,0.101699829102
N,all,4500,4,53320,524288,0.101699829102,0.101699829102,5.29146442811e-07,0.000727424527226,0.101238250732,0.101493835449,0.101955413818
N,all,4600,4,53182,524288,0.10143661499,0.10143661499,8.20533993344e-08,0.000286449645373,0.101392745972,0.101524353027,0.101568222046
N,all,4700,4,52927,524288,0.100950241089,0.100950241089,1.0649576628e-07,0.000326336890773,0.100673675537,0.100929260254,0.101205825806
N,all,4800,4,52704,524288,0.100524902344,0.100524902344,4.30154614151e-07,0.000655861734019,0.100034713745,0.100482940674,0.100973129272
N,all,4900,4,52893,524288,0.100885391235,0.100885391235,6.85700797476e-07,0.000828070526873,0.100507736206,0.101085662842,0.101463317871
N,all,5000,4,52724,524288,0.100563049316,0.100563049316,4.56813722849e-07,0.000675879961864,0.10013961792,0.100326538086,0.100749969482
N,all,5100,4,52973,524288,0.101037979126,0.101037979126,9.74333185392e-07,0.000987083170453,0.100709915161,0.101333618164,0.101661682129
N,all,5200,4,52958,524288,0.101009368896,0.101009368896,1.83581141755e-06,0.001354921185,0.100667953491,0.101516723633,0.101858139038
N,all,5300,4,52872,524288,0.100845336914,0.100845336914,1.08596092711e-06,0.00104209449049,0.100112915039,0.100536346436,0.101268768311
N,all,5400,4,52675,524288,0.100469589233,0.100469589233,1.55894667841e-07,0.000394834988117,0.100341796875,0.100540161133,0.100667953491
N,all,5500,4,52725,524288,0.100564956665,0.100564956665,9.43250294464e-07,0.000971210736382,0.0999240875244,0.100704193115,0.101345062256
N,all,5600,4,52732,524288,0.100578308105,0.100578308105,1.34075526148e-06,0.0011579098676,0.0997142791748,0.100482940674,0.101346969604
N,all,5700,4,52690,524288,0.100498199463,0.100498199463,6.11587893218e-07,0.000782040851374,0.0999851226807,0.100273132324,0.100786209106
N,all,5800,4,52652,524288,0.100425720215,0.100425720215,4.14787791669e-07,0.000644040209668,0.100185394287,0.100353240967,0.100593566895
N,all,5900,4,52722,524288,0.100559234619,0.100559234619,1.56365179767e-07,0.000395430372844,0.100269317627,0.100456237793,0.100746154785
N,all,6000,4,52379,524288,0.0999050140381,0.0999050140381,2.12899370429e-07,0.000461410197578,0.0995979309082,0.0997619628906,0.100069046021
N,all,6100,4,52273,524288,0.099702835083,0.099702835083,1.1588660224e-07,0.00034042121297,0.0995330810547,0.0996932983398,0.0998630523682
N,all,6200,4,52341,524288,0.09983253479,0.09983253479,3.02267532485e-07,0.000549788625278,0.0997047424316,0.100036621094,0.100164413452
N,all,6300,4,52502,524288,0.10013961792,0.10013961792,1.40959552179e-07,0.000375445804583,0.0999164581299,0.100158691406,0.100381851196
N,all,6400,4,52350,524288,0.0998497009277,0.0998497009277,4.81590783844e-07,0.000693967422754,0.0996608734131,0.100006103516,0.10019493103
N,all,6500,4,52312,524288,0.0997772216797,0.0997772216797,1.48999970406e-06,0.00122065544035,0.0990009307861,0.0999412536621,0.100717544556
N,all,6600,4,52046,524288,0.0992698669434,0.0992698669434,8.54042203476e-07,0.000924144038273,0.0990829467773,0.0994911193848,0.0996780395508
N,all,6700,4,52171,524288,0.0995082855225,0.0995082855225,1.64244071736e-06,0.00128157743323,0.0991649627686,0.0999984741211,0.100341796875
N,all,6800,4,52289,524288,0.0997333526611,0.0997333526611,1.05559108003e-06,0.00102741962217,0.0994758605957,0.0998840332031,0.100141525269
N,all,6900,4,52239,524288,0.0996379852295,0.0996379852295,1.03405424549e-06,0.00101688457825,0.0991821289062,0.0997314453125,0.100187301636
N,all,7000,4,52140,524288,0.0994491577148,0.0994491577148,1.44867226481e-06,0.00120360801959,0.0987739562988,0.0989990234375,0.0996742248535
N,all,7100,4,52356,524288,0.0998611450195,0.0998611450195,4.75013318161e-07,0.000689212099546,0.0994777679443,0.0995407104492,0.0999240875244
N,all,7200,4,52132,524288,0.0994338989258,0.0994338989258,3.84054146707e-07,0.00061972102329,0.0990524291992,0.0992546081543,0.0996360778809
N,all,7300,4,52382,524288,0.099910736084,0.099910736084,6.86792191118e-07,0.000828729262859,0.0992107391357,0.0999183654785,0.100618362427
N,all,7400,4,52480,524288,0.10009765625,0.10009765625,4.98723238707e-07,0.000706203397547,0.100017547607,0.100410461426,0.100490570068
N,all,7500,4,52693,524288,0.100503921509,0.100503921509,3.65287026701e-07,0.000604389796986,0.100130081177,0.100601196289,0.100975036621
N,all,7600,4,52862,524288,0.100826263428,0.100826263428,8.53498931974e-07,0.000923850059249,0.100522994995,0.101005554199,0.101308822632
N,all,7700,4,52775,524288,0.100660324097,0.100660324097,1.63960794453e-06,0.00128047176639,0.100324630737,0.10079574585,0.101131439209
N,all,7800,4,52784,524288,0.100677490234,0.100677490234,1.49527719865e-06,0.00122281527577,0.100069046021,0.100566864014,0.101175308228
N,all,7900,4,52484,524288,0.100105285645,0.100105285645,8.58446583152e-07,0.00092652392476,0.0995254516602,0.0997543334961,0.10033416748
N,all,8000,4,52488,524288,0.100112915039,0.100112915039,1.42438026766e-06,0.00119347403309,0.0992622375488,0.0999298095703,0.100780487061
N,all,8100,4,52603,524288,0.100332260132,0.100332260132,5.34826540388e-07,0.000731318357754,0.0999450683594,0.10033416748,0.100721359253
N,all,8200,4,52595,524288,0.100317001343,0.100317001343,1.21319317259e-07,0.000348309226491,0.100082397461,0.100231170654,0.100465774536
N,all,8300,4,52383,524288,0.0999126434326,0.0999126434326,1.54536489087e-07,0.000393111293512,0.0996761322021,0.0999069213867,0.100143432617
N,all,8400,4,52218,524288,0.0995979309082,0.0995979309082,7.78236426413e-08,0.000278968891888,0.0994338989258,0.0996475219727,0.0998115539551
N,all,8500,4,51939,524288,0.0990657806396,0.0990657806396,8.58499940174e-07,0.000926552718508,0.0987396240234,0.0991363525391,0.0994625091553
N,all,8600,4,52207,524288,0.0995769500732,0.0995769500732,8.47052433528e-07,0.000920354515134,0.0990905761719,0.0997085571289,0.10019493103
N,all,8700,4,52300,524288,0.0997543334961,0.0997543334961,2.49245204031e-07,0.000499244633453,0.099401473999,0.0997619628906,0.100114822388
N,all,8800,4,52145,524288,0.099458694458,0.099458694458,2.13442641931e-07,0.000461998530226,0.0991096496582,0.0993919372559,0.0997409820557
N,all,8900,4,51918,524288,0.0990257263184,0.0990257263184,3.14806432774e-07,0.000561076138125,0.0986862182617,0.099048614502,0.0993881225586
N,all,9000,4,51915,524288,0.0990200042725,0.0990200042725,5.8764029139e-07,0.000766576996387,0.0988445281982,0.0993003845215,0.0994758605957
N,all,9100,4,51819,524288,0.0988368988037,0.0988368988037,1.00099229409e-06,0.00100049602403,0.0983219146729,0.0985908508301,0.0991058349609
N,all,9200,4,51852,524288,0.0988998413086,0.0988998413086,7.11103590826e-07,0.000843269583719,0.0985851287842,0.0990524291992,0.0993671417236
N,all,9300,4,51898,524288,0.0989875793457,0.0989875793457,7.9416592295e-07,0.000891159875078,0.0982818603516,0.0990371704102,0.0997428894043
N,all,9400,4,52114,524288,0.0993995666504,0.0993995666504,4.5345708107e-07,0.000673392219341,0.0991325378418,0.0994338989258,0.0997009277344
N,all,9500,4,52177,524288,0.0995197296143,0.0995197296143,6.69441457527e-07,0.000818194021933,0.0992736816406,0.0995674133301,0.0998134613037
N,all,9600,4,52270,524288,0.0996971130371,0.0996971130371,4.50352672487e-07,0.000671083208319,0.0994415283203,0.0997619628906,0.100017547607
N,all,9700,4,51992,524288,0.0991668701172,0.0991668701172,3.55493587752e-07,0.000596232830153,0.0988216400146,0.0989112854004,0.0992565155029
N,all,9800,4,52223,524288,0.0996074676514,0.0996074676514,9.6525279029e-07,0.000982472793664,0.0990543365479,0.0995979309082,0.100151062012
N,all,9900,4,51976,524288,0.0991363525391,0.0991363525391,2.97441147268e-07,0.000545381652852,0.0989627838135,0.0992240905762,0.0993976593018
N,all,10000,4,52019,524288,0.0992183685303,0.0992183685303,1.01736804936e-06,0.00100864664247,0.0988922119141,0.0993309020996,0.0996570587158
N,all,10100,4,51903,524288,0.0989971160889,0.0989971160889,4.78753160375e-07,0.000691919908931,0.0986309051514,0.0989112854004,0.0992774963379
N,all,10200,4,52030,524288,0.0992393493652,0.0992393493652,9.2691819494e-07,0.000962765908692,0.0986766815186,0.0989646911621,0.0995273590088
N,all,10300,4,51935,524288,0.0990581512451,0.0990581512451,7.11467388707e-07,0.000843485262887,0.0983638763428,0.0989036560059,0.0995979309082
N,all,10400,4,51998,524288,0.099178314209,0.099178314209,8.51636286825e-07,0.000922841420194,0.0987491607666,0.0993041992188,0.0997333526611
N,all,10500,4,51879,524288,0.0989513397217,0.0989513397217,3.61290100651e-07,0.000601074122427,0.0987071990967,0.0989761352539,0.0992202758789
N,all,10600,4,51927,524288,0.0990428924561,0.0990428924561,6.91948419747e-07,0.000831834370381,0.0985984802246,0.0990409851074,0.0994853973389
N,all,10700,4,51924,524288,0.0990371704102,0.0990371704102,6.56582415104e-08,0.00025623864172,0.0988426208496,0.098991394043,0.0991859436035
N,all,10800,4,51793,524288,0.0987873077393,0.0987873077393,8.1776912945e-08,0.000285966629076,0.0987358093262,0.0988578796387,0.0989093780518
N,all,10900,4,51904,524288,0.0989990234375,0.0989990234375,4.98994874458e-07,0.000706395692553,0.0986042022705,0.0987167358398,0.0991115570068
N,all,11000,4,51879,524288,0.0989513397217,0.0989513397217,3.80615044075e-07,0.000616940065221,0.0985107421875,0.0987701416016,0.0992107391357
N,all,11100,4,51797,524288,0.0987949371338,0.0987949371338,3.53257443445e-07,0.000594354644506,0.0985088348389,0.0986442565918,0.0989303588867
N,all,11200,4,51994,524288,0.0991706848145,0.0991706848145,3.49420588464e-07,0.00059111808335,0.0986843109131,0.0991249084473,0.0996112823486
N,all,11300,4,52065,524288,0.0993061065674,0.0993061065674,2.35988409258e-07,0.000485786382331,0.0990543365479,0.099422454834,0.0996742248535
N,all,11400,4,52104,524288,0.0993804931641,0.0993804931641,5.10597601533e-07,0.00071456112512,0.0989303588867,0.0995101928711,0.0999603271484
N,all,11500,4,52203,524288,0.0995693206787,0.0995693206787,9.50870647406e-08,0.000308361905463,0.0993938446045,0.0994300842285,0.0996055603027
N,all,11600,4,52306,524288,0.0997657775879,0.0997657775879,1.11351255327e-07,0.000333693355234,0.0996055603027,0.0998611450195,0.100021362305
N,all,11700,4,52310,524288,0.0997734069824,0.0997734069824,5.21928692857e-09,7.22446325243e-05,0.0997447967529,0.0997657775879,0.0997943878174
N,all,11800,4,52516,524288,0.100166320801,0.100166320801,2.19132440786e-07,0.000468115841203,0.0999431610107,0.100006103516,0.100229263306
N,all,11900,4,52560,524288,0.100250244141,0.100250244141,9.46456566453e-07,0.000972859993243,0.0995712280273,0.10033416748,0.101013183594
N,all,12000,4,52613,524288,0.100351333618,0.100351333618,1.39133286818e-06,0.00117954773883,0.0993900299072,0.100124359131,0.101085662842
N,all,12100,4,52288,524288,0.0997314453125,0.0997314453125,1.73136747132e-06,0.00131581437571,0.0990295410156,0.0992240905762,0.099925994873
N,all,12200,4,52217,524288,0.0995960235596,0.0995960235596,6.25514076091e-07,0.000790894478481,0.0991668701172,0.0994033813477,0.09983253479
N,all,12300,4,52083,524288,0.0993404388428,0.0993404388428,7.24544709859e-07,0.000851201920733,0.0990505218506,0.0993499755859,0.0996398925781
N,all,12400,4,52249,524288,0.0996570587158,0.0996570587158,9.20704527137e-07,0.000959533494536,0.0992431640625,0.0998306274414,0.100244522095
N,all,12500,4,52105,524288,0.0993824005127,0.0993824005127,1.3241757794e-07,0.000363892261445,0.0992164611816,0.0992622375488,0.0994281768799
N,all,12600,4,51880,524288,0.0989532470703,0.0989532470703,1.68608191113e-07,0.000410619277571,0.0987644195557,0.0988121032715,0.0990009307861
N,all,12700,4,51953,524288,0.0990924835205,0.0990924835205,5.8687874116e-08,0.00024225580306,0.0989875793457,0.0990371704102,0.099142074585
N,all,12800,4,52056,524288,0.0992889404297,0.0992889404297,5.73035019139e-07,0.000756990765558,0.0988140106201,0.0994338989258,0.0999088287354
N,all,12900,4,52245,524288,0.0996494293213,0.0996494293213,2.48250823158e-07,0.000498247752787,0.0994052886963,0.0996322631836,0.0998764038086
N,all,13000,4,52132,524288,0.0994338989258,0.0994338989258,1.29213246206e-06,0.0011367200456,0.098876953125,0.0991287231445,0.0996856689453
N,all,13100,4,52015,524288,0.0992107391357,0.0992107391357,8.27688684997e-07,0.000909773974676,0.0986576080322,0.0990676879883,0.0996208190918
N,all,13200,4,52095,524288,0.0993633270264,0.0993633270264,2.94467705923e-07,0.000542648786899,0.0989475250244,0.0993537902832,0.0997695922852
N,all,13300,4,51923,524288,0.0990352630615,0.0990352630615,9.53262012141e-07,0.000976351377395,0.0986175537109,0.0992851257324,0.099702835083
N,all,13400,4,51922,524288,0.0990333557129,0.0990333557129,7.89392894755e-07,0.000888477852709,0.0982723236084,0.0989646911621,0.0997257232666
N,all,13500,4,51805,524288,0.0988101959229,0.0988101959229,5.89207047597e-08,0.00024273587448,0.0986156463623,0.0987854003906,0.0989799499512
N,all,13600,4,51835,524288,0.0988674163818,0.0988674163818,1.42933762011e-07,0.000378065817036,0.0986804962158,0.0989685058594,0.0991554260254
N,all,13700,4,51710,524288,0.0986289978027,0.0986289978027,2.82986244808e-07,0.000531964514613,0.0983428955078,0.0984687805176,0.0987548828125
N,all,13800,4,51904,524288,0.0989990234375,0.0989990234375,9.58757785459e-07,0.00097916177696,0.0986347198486,0.0992660522461,0.099630355835
N,all,13900,4,51883,524288,0.0989589691162,0.0989589691162,2.4778516187e-07,0.000497780234511,0.0985832214355,0.099006652832,0.0993824005127
N,all,14000,4,51985,524288,0.0991535186768,0.0991535186768,2.81312774556e-07,0.000530389267007,0.0988101959229,0.0991821289062,0.0995254516602
N,all,14100,4,52286,524288,0.0997276306152,0.0997276306152,2.43482645601e-07,0.000493439606843,0.099573135376,0.0997543334961,0.0999088287354
N,all,14200,4,52192,524288,0.0995483398438,0.0995483398438,1.35119383534e-07,0.000367585885928,0.0993461608887,0.0995330810547,0.0997352600098
N,all,14300,4,51942,524288,0.0990715026855,0.0990715026855,4.39215606699e-07,0.000662733435628,0.0987892150879,0.0990180969238,0.0993003845215
N,all,14400,4,51899,524288,0.0989894866943,0.0989894866943,1.75264722202e-06,0.00132387583331,0.0980548858643,0.099048614502,0.099983215332
N,all,14500,4,51882,524288,0.0989570617676,0.0989570617676,1.05668247367e-06,0.0010279506183,0.0985469818115,0.0991706848145,0.0995807647705
N,all,14600,4,51991,524288,0.0991649627686,0.0991649627686,1.89859323048e-06,0.00137789449178,0.0988655090332,0.0995597839355,0.0998592376709
N,all,14700,4,51795,524288,0.0987911224365,0.0987911224365,4.17751531738e-07,0.000646337010961,0.0983963012695,0.0988731384277,0.0992679595947
N,all,14800,4,52049,524288,0.0992755889893,0.0992755889893,1.65246698695e-07,0.000406505471913,0.0989551544189,0.0992889404297,0.099609375
N,all,14900,4,52007,524288,0.0991954803467,0.0991954803467,1.21241707044e-07,0.000348197798736,0.0990524291992,0.0991287231445,0.099271774292
N,all,15000,4,51983,524288,0.0991497039795,0.0991497039795,5.68858619469e-07,0.000754227167019,0.0985488891602,0.0989685058594,0.0995693206787
N,all,15100,4,51878,524288,0.098949432373,0.098949432373,1.15423851336e-06,0.00107435492895,0.0986709594727,0.0992546081543,0.0995330810547
N,all,15200,4,51909,524288,0.0990085601807,0.0990085601807,5.21593998807e-07,0.000722214648707,0.0986366271973,0.0990142822266,0.09938621521
N,all,15300,4,51833,524288,0.0988636016846,0.0988636016846,3.30284819938e-07,0.000574704115122,0.0984058380127,0.098876953125,0.0993347167969
N,all,15400,4,51879,524288,0.0989513397217,0.0989513397217,7.24738735395e-07,0.000851315884613,0.098539352417,0.0986480712891,0.0990600585938
N,all,15500,4,51761,524288,0.098726272583,0.098726272583,8.91911137539e-07,0.000944410470896,0.0979442596436,0.0986595153809,0.0994415283203
N,all,15600,4,51776,524288,0.0987548828125,0.0987548828125,3.51845907668e-07,0.000593166003466,0.0984306335449,0.0988349914551,0.0991592407227
N,all,15700,4,51686,524288,0.0985832214355,0.0985832214355,3.61100925754e-07,0.000600916737788,0.0981140136719,0.0984649658203,0.098934173584
N,all,15800,4,51750,524288,0.098705291748,0.098705291748,1.83567559967e-07,0.000428447849764,0.0984687805176,0.0986518859863,0.0988883972168
N,all,15900,4,51946,524288,0.0990791320801,0.0990791320801,7.18573573977e-07,0.000847687191113,0.0989112854004,0.0993499755859,0.0995178222656
N,all,16000,4,51847,524288,0.0988903045654,0.0988903045654,7.82403124807e-07,0.000884535541856,0.0984115600586,0.0986480712891,0.0991268157959
R,N-derived,100,4,35420,524288,0.0675582885742,0.0675582885742,7.67487411698e-07,0.000876063588844,0.0670509338379,0.0675964355469,0.0681037902832
R,N-derived,200,4,46312,524288,0.0883331298828,0.0883331298828,2.82974603275e-06,0.0016821848985,0.0872764587402,0.0876998901367,0.0887565612793
R,N-derived,300,4,53977,524288,0.102952957153,0.102952957153,2.38202725692e-06,0.00154338175994,0.102125167847,0.102340698242,0.103168487549
R,N-derived,400,4,60142,524288,0.114711761475,0.114711761475,3.29181784764e-06,0.00181433675144,0.113380432129,0.114532470703,0.115863800049
R,N-derived,500,4,65060,524288,0.124092102051,0.124092102051,3.22637303422e-06,0.00179621074326,0.122762680054,0.123844146729,0.125173568726
R,N-derived,600,4,69027,524288,0.131658554077,0.131658554077,2.10926615788e-06,0.00145233128379,0.131061553955,0.131721496582,0.132318496704
R,N-derived,700,4,72158,524288,0.137630462646,0.137630462646,3.2345415093e-06,0.00179848311343,0.136814117432,0.13761138916,0.138427734375
R,N-derived,800,4,74368,524288,0.141845703125,0.141845703125,3.08477319777e-06,0.00175635224194,0.140548706055,0.141334533691,0.142631530762
R,N-derived,900,4,75935,524288,0.144834518433,0.144834518433,3.32836740805e-06,0.00182438137681,0.143907546997,0.144737243652,0.145664215088
R,N-derived,1000,4,76572,524288,0.146049499512,0.146049499512,6.30881792555e-06,0.00251173603819,0.144403457642,0.145587921143,0.147233963013
R,N-derived,1100,4,76596,524288,0.146095275879,0.146095275879,8.59482679516e-06,0.00293169350294,0.144479751587,0.144924163818,0.14653968811
R,N-derived,1200,4,75939,524288,0.144842147827,0.144842147827,1.56195358916e-05,0.00395215585366,0.142589569092,0.143245697021,0.145498275757
R,N-derived,1300,4,74320,524288,0.141754150391,0.141754150391,2.61704747876e-05,0.00511570863005,0.139152526855,0.139755249023,0.142356872559
R,N-derived,1400,4,72014,524288,0.137355804443,0.137355804443,3.87510323587e-05,0.00622503271948,0.134069442749,0.134986877441,0.138273239136
R,N-derived,1500,4,69185,524288,0.131959915161,0.131959915161,4.18697551747e-05,0.00647068428952,0.128364562988,0.12943649292,0.133031845093
R,N-derived,1600,4,65578,524288,0.125080108643,0.125080108643,3.80129592183e-05,0.00616546504477,0.121601104736,0.122676849365,0.126155853271
R,N-derived,1700,4,60367,524288,0.115140914917,0.115140914917,4.47610606595e-06,0.00211568099343,0.113859176636,0.115394592285,0.116676330566
R,N-derived,1800,4,52357,524288,0.0998630523682,0.0998630523682,0.000117529935475,0.0108411224269,0.0975570678711,0.103858947754,0.106164932251
R,N-derived,1900,4,45079,524288,0.0859813690186,0.0859813690186,0.000386874671676,0.0196691299166,0.0840358734131,0.0949287414551,0.0968742370605
R,N-derived,2000,4,39254,524288,0.0748710632324,0.0748710632324,0.000455535657238,0.0213432813138,0.0723724365234,0.084545135498,0.087043762207
R,N-derived,2100,4,34007,524288,0.0648632049561,0.0648632049561,0.000429481515312,0.0207239358065,0.0623722076416,0.0738792419434,0.0763702392578
R,N-derived,2200,4,29323,524288,0.05592918396,0.05592918396,0.000345348627889,0.0185835579986,0.0532073974609,0.0632400512695,0.0659618377686
R,N-derived,2300,4,24522,524288,0.0467720031738,0.0467720031738,0.000267303490546,0.0163494186608,0.0440425872803,0.0526924133301,0.0554218292236
R,N-derived,2400,4,20324,524288,0.0387649536133,0.0387649536133,0.000190537772141,0.0138035420143,0.0360069274902,0.0432090759277,0.0459671020508
R,N-derived,2500,4,16699,524288,0.0318508148193,0.0318508148193,0.000122516430565,0.011068714043,0.0292816162109,0.0347480773926,0.037317276001
R,N-derived,2600,4,13735,524288,0.0261974334717,0.0261974334717,6.96012430126e-05,0.00834273594288,0.0239677429199,0.0278663635254,0.0300960540771
R,N-derived,2700,4,11262,524288,0.0214805603027,0.0214805603027,3.87249165215e-05,0.00622293471936,0.0194664001465,0.022705078125,0.0247192382812
R,N-derived,2800,4,9380,524288,0.0178909301758,0.0178909301758,2.01688380912e-05,0.00449097295596,0.0165348052979,0.0189476013184,0.0203037261963
R,N-derived,2900,4,7929,524288,0.0151233673096,0.0151233673096,1.0226945354e-05,0.00319795956103,0.0144329071045,0.0161933898926,0.0168838500977
R,N-derived,3000,4,6897,524288,0.0131549835205,0.0131549835205,7.16832679852e-06,0.0026773731153,0.012638092041,0.0141792297363,0.0146961212158
R,N-derived,3100,4,6069,524288,0.0115756988525,0.0115756988525,4.15949519568e-06,0.00203948405134,0.010669708252,0.0121192932129,0.0130252838135
R,N-derived,3200,4,5414,524288,0.010326385498,0.010326385498,2.25001713261e-06,0.00150000571086,0.0097484588623,0.0106925964355,0.0112705230713
R,N-derived,3300,4,5029,524288,0.00959205627441,0.00959205627441,1.98051081194e-06,0.00140730622536,0.00894927978516,0.00996398925781,0.0106067657471
R,N-derived,3400,4,4559,524288,0.00869560241699,0.00869560241699,8.7607865377e-07,0.000935990733806,0.00827026367188,0.00872802734375,0.00915336608887
R,N-derived,3500,4,4250,524288,0.00810623168945,0.00810623168945,8.80662507067e-07,0.000938436202982,0.00753974914551,0.00811767578125,0.0086841583252
R,N-derived,3600,4,4091,524288,0.00780296325684,0.00780296325684,1.12699247741e-06,0.00106159901913,0.00692558288574,0.00774765014648,0.00862503051758
R,N-derived,3700,4,3833,524288,0.00731086730957,0.00731086730957,7.90396976906e-07,0.000889042730641,0.00656700134277,0.00731658935547,0.00806045532227
R,N-derived,3800,4,3717,524288,0.00708961486816,0.00708961486816,4.41306231854e-07,0.000664308837706,0.00661277770996,0.00702667236328,0.00750350952148
R,N-derived,3900,4,3588,524288,0.00684356689453,0.00684356689453,2.9713070641e-07,0.000545096969731,0.00646781921387,0.00664520263672,0.00702095031738
R,N-derived,4000,4,3516,524288,0.00670623779297,0.00670623779297,3.57744283974e-07,0.000598117282792,0.00630187988281,0.00661849975586,0.00702285766602
R,N-derived,4100,4,3469,524288,0.00661659240723,0.00661659240723,2.3226311896e-07,0.000481936841256,0.00632667541504,0.00648880004883,0.00677871704102
R,N-derived,4200,4,3494,524288,0.00666427612305,0.00666427612305,1.33702997118e-07,0.000365654204294,0.00644683837891,0.00661468505859,0.00683212280273
R,N-derived,4300,4,3486,524288,0.00664901733398,0.00664901733398,6.59880849222e-08,0.000256881460838,0.00643730163574,0.00664520263672,0.00685691833496
R,N-derived,4400,4,3572,524288,0.00681304931641,0.00681304931641,4.82347483436e-08,0.000219624106927,0.00667953491211,0.0068244934082,0.0069580078125
R,N-derived,4500,4,3686,524288,0.00703048706055,0.00703048706055,3.03649964432e-08,0.000174255549246,0.00692367553711,0.00696182250977,0.0070686340332
R,N-derived,4600,4,3855,524288,0.00735282897949,0.00735282897949,9.07408927257e-08,0.00030123229031,0.00710868835449,0.00732040405273,0.00756454467773
R,N-derived,4700,4,3924,524288,0.00748443603516,0.00748443603516,6.18165358901e-08,0.000248629314221,0.0073413848877,0.00749588012695,0.00763893127441
R,N-derived,4800,4,4150,524288,0.00791549682617,0.00791549682617,8.46145364145e-08,0.000290885778983,0.00786781311035,0.00804138183594,0.00808906555176
R,N-derived,4900,4,4324,524288,0.00824737548828,0.00824737548828,1.82267588874e-07,0.00042692808396,0.00802803039551,0.00833511352539,0.00855445861816
R,N-derived,5000,4,4476,524288,0.00853729248047,0.00853729248047,1.5910093983e-08,0.000126135221025,0.00848770141602,0.00857543945312,0.00862503051758
R,N-derived,5100,4,4867,524288,0.0092830657959,0.0092830657959,3.70098860003e-07,0.000608357510024,0.00893402099609,0.00932693481445,0.00967597961426
R,N-derived,5200,4,5200,524288,0.00991821289062,0.00991821289062,5.10675211747e-07,0.000714615429268,0.00974273681641,0.0101165771484,0.0102920532227
R,N-derived,5300,4,5372,524288,0.0102462768555,0.0102462768555,4.93251718581e-07,0.000702318815482,0.00981903076172,0.0101127624512,0.0105400085449
R,N-derived,5400,4,5755,524288,0.0109767913818,0.0109767913818,3.96525138058e-07,0.000629702420241,0.0107021331787,0.0108337402344,0.0111083984375
R,N-derived,5500,4,6155,524288,0.011739730835,0.011739730835,7.04249638754e-07,0.000839195828608,0.0111522674561,0.0117111206055,0.0122985839844
R,N-derived,5600,4,6550,524288,0.0124931335449,0.0124931335449,1.21267900492e-06,0.00110121705622,0.0116367340088,0.0122947692871,0.0131511688232
R,N-derived,5700,4,7043,524288,0.0134334564209,0.0134334564209,6.68898186026e-07,0.000817861960251,0.01296043396,0.0133628845215,0.0138359069824
R,N-derived,5800,4,7414,524288,0.0141410827637,0.0141410827637,1.47383737688e-06,0.00121401704143,0.0131664276123,0.0139122009277,0.0148868560791
R,N-derived,5900,4,8108,524288,0.0154647827148,0.0154647827148,1.91770959646e-06,0.00138481392124,0.0144653320312,0.0153694152832,0.0163688659668
R,N-derived,6000,4,8605,524288,0.0164127349854,0.0164127349854,2.3008469725e-06,0.00151685430167,0.0154666900635,0.0165138244629,0.0174598693848
R,N-derived,6100,4,9197,524288,0.017541885376,0.017541885376,3.37489473168e-06,0.00183708865646,0.0163154602051,0.0176811218262,0.0189075469971
R,N-derived,6200,4,9879,524288,0.0188426971436,0.0188426971436,4.1126574312e-06,0.00202796879444,0.0178298950195,0.0193977355957,0.0204105377197
R,N-derived,6300,4,10642,524288,0.0202980041504,0.0202980041504,4.5940784427e-06,0.00214338014424,0.0194797515869,0.0209083557129,0.0217266082764
R,N-derived,6400,4,11473,524288,0.0218830108643,0.0218830108643,5.93766162638e-06,0.00243673175101,0.0207462310791,0.0225944519043,0.0237312316895
R,N-derived,6500,4,12396,524288,0.0236434936523,0.0236434936523,5.04074463e-06,0.00224516026822,0.0226745605469,0.0243034362793,0.0252723693848
R,N-derived,6600,4,13243,524288,0.0252590179443,0.0252590179443,3.91028879676e-06,0.00197744501738,0.0244255065918,0.02587890625,0.0267124176025
R,N-derived,6700,4,14025,524288,0.0267505645752,0.0267505645752,5.32446332121e-06,0.00230747986366,0.0265254974365,0.0277061462402,0.0279312133789
R,N-derived,6800,4,14872,524288,0.0283660888672,0.0283660888672,7.35969903568e-06,0.00271287652422,0.027774810791,0.0291366577148,0.029727935791
R,N-derived,6900,4,15661,524288,0.0298709869385,0.0298709869385,1.15643633762e-05,0.00340064161244,0.0293502807617,0.0310325622559,0.0315532684326
R,N-derived,7000,4,16691,524288,0.0318355560303,0.0318355560303,1.42041584089e-05,0.00376884045946,0.030855178833,0.0329055786133,0.0338859558105
R,N-derived,7100,4,17690,524288,0.0337409973145,0.0337409973145,1.69441918842e-05,0.00411633233404,0.0324249267578,0.034496307373,0.0358123779297
R,N-derived,7200,4,18723,524288,0.0357112884521,0.0357112884521,1.78392268329e-05,0.00422365088909,0.0345478057861,0.0361251831055,0.0372886657715
R,N-derived,7300,4,19907,524288,0.0379695892334,0.0379695892334,1.82473401461e-05,0.00427169054897,0.0365409851074,0.038257598877,0.0396862030029
R,N-derived,7400,4,21064,524288,0.0401763916016,0.0401763916016,1.84638580928e-05,0.00429695916816,0.0388870239258,0.040771484375,0.0420608520508
R,N-derived,7500,4,22368,524288,0.0426635742188,0.0426635742188,1.76670728251e-05,0.00420322171972,0.0412845611572,0.0432395935059,0.0446186065674
R,N-derived,7600,4,23694,524288,0.0451927185059,0.0451927185059,1.59883444818e-05,0.0039985427948,0.0440998077393,0.0457878112793,0.0468807220459
R,N-derived,7700,4,24751,524288,0.0472087860107,0.0472087860107,1.2842991661e-05,0.0035837119947,0.0466537475586,0.0482559204102,0.0488109588623
R,N-derived,7800,4,25664,524288,0.0489501953125,0.0489501953125,9.10022451232e-06,0.00301665783812,0.0485744476318,0.0500717163086,0.0504474639893
R,N-derived,7900,4,26495,524288,0.0505352020264,0.0505352020264,7.6914584497e-06,0.00277334787751,0.0495834350586,0.0514183044434,0.0523700714111
R,N-derived,8000,4,27400,524288,0.0522613525391,0.0522613525391,8.07670100282e-06,0.00284195372989,0.0510120391846,0.0527572631836,0.0540065765381
R,N-derived,8100,4,28408,524288,0.0541839599609,0.0541839599609,5.4290285334e-06,0.00233002758211,0.0532836914062,0.0545082092285,0.0554084777832
R,N-derived,8200,4,29507,524288,0.0562801361084,0.0562801361084,4.70897551471e-06,0.00217001739963,0.0559062957764,0.0570068359375,0.0573806762695
R,N-derived,8300,4,30494,524288,0.058162689209,0.058162689209,4.92283531154e-06,0.00221874633781,0.057092666626,0.058780670166,0.059850692749
R,N-derived,8400,4,31386,524288,0.0598640441895,0.0598640441895,3.137489936e-06,0.00177129611754,0.0588150024414,0.0597877502441,0.0608367919922
R,N-derived,8500,4,32088,524288,0.0612030029297,0.0612030029297,2.5291616718e-06,0.00159033382401,0.0600891113281,0.0609130859375,0.0620269775391
R,N-derived,8600,4,32635,524288,0.0622463226318,0.0622463226318,2.34256246282e-06,0.00153054319208,0.061071395874,0.062084197998,0.0632591247559
R,N-derived,8700,4,33611,524288,0.0641078948975,0.0641078948975,2.56053075039e-06,0.0016001658509,0.0629444122314,0.064136505127,0.065299987793
R,N-derived,8800,4,34361,524288,0.0655384063721,0.0655384063721,3.25001989647e-06,0.00180278115601,0.0644969940186,0.0658683776855,0.0669097900391
R,N-derived,8900,4,35081,524288,0.0669116973877,0.0669116973877,3.56496214711e-06,0.00188811073487,0.0659580230713,0.0670318603516,0.067985534668
R,N-derived,9000,4,35538,524288,0.0677833557129,0.0677833557129,2.95603725438e-06,0.00171931301815,0.0664539337158,0.0678634643555,0.0691928863525
R,N-derived,9100,4,35755,524288,0.0681972503662,0.0681972503662,4.91448736284e-06,0.00221686430862,0.0663642883301,0.0680236816406,0.0698566436768
R,N-derived,9200,4,36167,524288,0.0689830780029,0.0689830780029,3.72286012862e-06,0.00192947146354,0.0676593780518,0.0689582824707,0.0702819824219
R,N-derived,9300,4,36447,524288,0.0695171356201,0.0695171356201,3.44711103632e-06,0.00185663971635,0.0681629180908,0.0693817138672,0.0707359313965
R,N-derived,9400,4,36560,524288,0.0697326660156,0.0697326660156,7.55050374816e-06,0.00274781799764,0.0678730010986,0.0698471069336,0.0717067718506
R,N-derived,9500,4,36664,524288,0.0699310302734,0.0699310302734,8.79055975626e-06,0.00296488781512,0.0684089660645,0.0706901550293,0.0722122192383
R,N-derived,9600,4,36963,524288,0.0705013275146,0.0705013275146,9.18308796827e-06,0.00303036102936,0.0691604614258,0.0710525512695,0.0723934173584
R,N-derived,9700,4,37198,524288,0.0709495544434,0.0709495544434,1.20998010971e-05,0.00347847683578,0.0691223144531,0.0714950561523,0.0733222961426
R,N-derived,9800,4,37359,524288,0.0712566375732,0.0712566375732,9.8238378996e-06,0.00313430022487,0.0691947937012,0.0716705322266,0.0737323760986
R,N-derived,9900,4,37337,524288,0.0712146759033,0.0712146759033,1.30549063518e-05,0.00361315739372,0.0688610076904,0.0716896057129,0.0740432739258
R,N-derived,10000,4,37664,524288,0.0718383789062,0.0718383789062,1.61892967299e-05,0.00402359251539,0.0690364837646,0.0713729858398,0.0741748809814
R,N-derived,10100,4,37827,524288,0.0721492767334,0.0721492767334,1.24367409929e-05,0.0035265763841,0.0694580078125,0.0711822509766,0.0738735198975
R,N-derived,10200,4,38233,524288,0.0729236602783,0.0729236602783,9.04583430383e-06,0.00300762934948,0.0707988739014,0.0722579956055,0.0743827819824
R,N-derived,10300,4,38665,524288,0.0737476348877,0.0737476348877,6.10533849491e-06,0.0024708983174,0.0722103118896,0.0730209350586,0.0745582580566
R,N-derived,10400,4,38676,524288,0.0737686157227,0.0737686157227,7.74507255604e-06,0.00278299704564,0.0728626251221,0.0736885070801,0.0745944976807
R,N-derived,10500,4,38874,524288,0.074146270752,0.074146270752,9.56268437828e-06,0.00309235903127,0.0730953216553,0.0740509033203,0.075101852417
R,N-derived,10600,4,38847,524288,0.0740947723389,0.0740947723389,8.37155675981e-06,0.00289336426324,0.0730361938477,0.074089050293,0.0751476287842
R,N-derived,10700,4,38833,524288,0.074068069458,0.074068069458,8.92472356403e-06,0.00298742758306,0.0725612640381,0.0739707946777,0.0754776000977
R,N-derived,10800,4,38626,524288,0.073673248291,0.073673248291,1.31492076131e-05,0.00362618361547,0.0720844268799,0.0739326477051,0.0755214691162
R,N-derived,10900,4,38670,524288,0.0737571716309,0.0737571716309,1.3375247363e-05,0.0036572185282,0.072135925293,0.0742340087891,0.075855255127
R,N-derived,11000,4,38740,524288,0.0738906860352,0.0738906860352,1.23044398303e-05,0.00350776849725,0.0731983184814,0.0751914978027,0.0758838653564
R,N-derived,11100,4,38818,524288,0.0740394592285,0.0740394592285,1.54426670633e-05,0.0039297159011,0.073637008667,0.0755081176758,0.0759105682373
R,N-derived,11200,4,38686,524288,0.073787689209,0.073787689209,1.95680768229e-05,0.00442358189965,0.0730285644531,0.0753936767578,0.0761528015137
R,N-derived,11300,4,38493,524288,0.0734195709229,0.0734195709229,2.32896369804e-05,0.00482593379362,0.07200050354,0.0750122070312,0.0764312744141
R,N-derived,11400,4,38476,524288,0.0733871459961,0.0733871459961,2.01651904111e-05,0.00449056682515,0.0716438293457,0.0747947692871,0.0765380859375
R,N-derived,11500,4,38369,524288,0.0731830596924,0.0731830596924,1.30847474793e-05,0.00361728454497,0.0712871551514,0.0739250183105,0.0758209228516
R,N-derived,11600,4,38455,524288,0.0733470916748,0.0733470916748,1.18388319e-05,0.00344076036655,0.0716209411621,0.0741195678711,0.0758457183838
R,N-derived,11700,4,38603,524288,0.0736293792725,0.0736293792725,1.47009801973e-05,0.00383418572807,0.0718288421631,0.0742492675781,0.0760498046875
R,N-derived,11800,4,38617,524288,0.0736560821533,0.0736560821533,1.38128477071e-05,0.00371656396516,0.0718307495117,0.0738372802734,0.075662612915
R,N-derived,11900,4,38510,524288,0.0734519958496,0.0734519958496,1.43608970878e-05,0.00378957742866,0.0714874267578,0.073600769043,0.0755653381348
R,N-derived,12000,4,38696,524288,0.0738067626953,0.0738067626953,1.19356748958e-05,0.00345480461037,0.0721549987793,0.0745620727539,0.0762138366699
R,N-derived,12100,4,38682,524288,0.0737800598145,0.0737800598145,1.83365191333e-05,0.00428211619801,0.0722484588623,0.0752487182617,0.0767803192139
R,N-derived,12200,4,38768,524288,0.0739440917969,0.0739440917969,1.85765481244e-05,0.00431005198627,0.0722846984863,0.0753021240234,0.076961517334
R,N-derived,12300,4,38791,524288,0.0739879608154,0.0739879608154,1.88279421612e-05,0.00433911767082,0.0729274749756,0.0756645202637,0.0767250061035
R,N-derived,12400,4,38799,524288,0.0740032196045,0.0740032196045,2.32111730535e-05,0.0048177975314,0.0733280181885,0.0759620666504,0.0766372680664
R,N-derived,12500,4,38331,524288,0.0731105804443,0.0731105804443,1.65671954164e-05,0.00407028198242,0.0724563598633,0.0748405456543,0.0754947662354
R,N-derived,12600,4,38335,524288,0.0731182098389,0.0731182098389,1.49505358422e-05,0.00386659227773,0.0728435516357,0.0747909545898,0.075065612793
R,N-derived,12700,4,38172,524288,0.0728073120117,0.0728073120117,1.20407591263e-05,0.00346997970114,0.072135925293,0.0735855102539,0.0742568969727
R,N-derived,12800,4,37945,524288,0.0723743438721,0.0723743438721,1.08079354201e-05,0.00328754245906,0.0713901519775,0.0730323791504,0.0740165710449
R,N-derived,12900,4,37497,524288,0.0715198516846,0.0715198516846,7.16134187921e-06,0.00267606836221,0.0705394744873,0.0718612670898,0.0728416442871
R,N-derived,13000,4,37281,524288,0.0711078643799,0.0711078643799,7.23313132767e-06,0.00268944814556,0.0700912475586,0.0715179443359,0.0725345611572
R,N-derived,13100,4,36860,524288,0.0703048706055,0.0703048706055,4.853005521e-06,0.00220295381726,0.0692195892334,0.070629119873,0.0717144012451
R,N-derived,13200,4,36628,524288,0.0698623657227,0.0698623657227,5.82088250667e-06,0.00241265051482,0.0683135986328,0.0699729919434,0.0715217590332
R,N-derived,13300,4,36254,524288,0.069149017334,0.069149017334,4.86695595707e-06,0.0022061178475,0.067663192749,0.0694007873535,0.0708866119385
R,N-derived,13400,4,36179,524288,0.0690059661865,0.0690059661865,4.9276034891e-06,0.0022198205984,0.0676860809326,0.0690689086914,0.0703887939453
R,N-derived,13500,4,36008,524288,0.0686798095703,0.0686798095703,3.30320714662e-06,0.00181747273614,0.0674362182617,0.068531036377,0.0697746276855
R,N-derived,13600,4,35767,524288,0.0682201385498,0.0682201385498,1.45912539059e-06,0.00120794262719,0.0674438476562,0.0682029724121,0.0689792633057
R,N-derived,13700,4,35614,524288,0.067928314209,0.067928314209,2.35890426363e-06,0.00153587247636,0.0670223236084,0.0678749084473,0.0687808990479
R,N-derived,13800,4,35595,524288,0.067892074585,0.067892074585,3.02824870838e-06,0.00174018640047,0.0673007965088,0.0681610107422,0.0687522888184
R,N-derived,13900,4,35342,524288,0.0674095153809,0.0674095153809,3.26042451585e-06,0.00180566456349,0.0669002532959,0.0675811767578,0.0680904388428
R,N-derived,14000,4,34928,524288,0.0666198730469,0.0666198730469,2.25151112924e-06,0.0015005036252,0.0660533905029,0.0668182373047,0.0673847198486
R,N-derived,14100,4,34907,524288,0.0665798187256,0.0665798187256,3.3638352761e-06,0.00183407613694,0.0657138824463,0.067081451416,0.0679473876953
R,N-derived,14200,4,35045,524288,0.0668430328369,0.0668430328369,4.04560220583e-06,0.00201136824222,0.0657386779785,0.067310333252,0.0684146881104
R,N-derived,14300,4,34953,524288,0.0666675567627,0.0666675567627,3.17462157303e-06,0.00178174677579,0.0659332275391,0.0669212341309,0.0676555633545
R,N-derived,14400,4,34738,524288,0.0662574768066,0.0662574768066,4.45352634415e-06,0.00211033796918,0.0651664733887,0.0665626525879,0.0676536560059
R,N-derived,14500,4,34845,524288,0.0664615631104,0.0664615631104,5.72489322318e-06,0.00239267490963,0.0655136108398,0.0667839050293,0.0677318572998
R,N-derived,14600,4,35095,524288,0.0669384002686,0.0669384002686,6.30169233773e-06,0.00251031717871,0.065896987915,0.0673408508301,0.0683822631836
R,N-derived,14700,4,35202,524288,0.0671424865723,0.0671424865723,4.30986983702e-06,0.00207602260031,0.0662212371826,0.0677375793457,0.0686588287354
R,N-derived,14800,4,34891,524288,0.0665493011475,0.0665493011475,4.65360062663e-06,0.00215722057904,0.0657272338867,0.0672607421875,0.0680828094482
R,N-derived,14900,4,34434,524288,0.0656776428223,0.0656776428223,6.32796824599e-06,0.00251554531782,0.0646305084229,0.0664253234863,0.0674724578857
R,N-derived,15000,4,34352,524288,0.0655212402344,0.0655212402344,6.16244506091e-06,0.00248242725189,0.0639476776123,0.0657386779785,0.0673122406006
R,N-derived,15100,4,34786,524288,0.066349029541,0.066349029541,3.99465595062e-06,0.00199866354112,0.0651893615723,0.0664749145508,0.0676345825195
R,N-derived,15200,4,34685,524288,0.0661563873291,0.0661563873291,2.34221321686e-06,0.00153042909567,0.0649166107178,0.0658531188965,0.0670928955078
R,N-derived,15300,4,34391,524288,0.0655956268311,0.0655956268311,9.23459689754e-07,0.000960968100279,0.0652923583984,0.0656661987305,0.0659694671631
R,N-derived,15400,4,34297,524288,0.0654163360596,0.0654163360596,6.86670925158e-07,0.000828656095831,0.0648555755615,0.0654525756836,0.0660133361816
R,N-derived,15500,4,34586,524288,0.0659675598145,0.0659675598145,2.8649228625e-06,0.00169260830156,0.0651950836182,0.065788269043,0.0665607452393
R,N-derived,15600,4,34461,524288,0.0657291412354,0.0657291412354,7.21512575789e-06,0.00268609861284,0.0650577545166,0.0660705566406,0.0667419433594
R,N-derived,15700,4,34160,524288,0.0651550292969,0.0651550292969,1.10773835331e-05,0.00332827035157,0.0641326904297,0.0652389526367,0.0662612915039
R,N-derived,15800,4,34065,524288,0.0649738311768,0.0649738311768,1.63658357148e-05,0.00404547101272,0.063346862793,0.0650978088379,0.0667247772217
R,N-derived,15900,4,34044,524288,0.0649337768555,0.0649337768555,1.91543173666e-05,0.00437656456214,0.0636539459229,0.0653190612793,0.0665988922119
R,N-derived,16000,4,34016,524288,0.0648803710938,0.0648803710938,1.8440769054e-05,0.00429427165582,0.0635585784912,0.0651817321777,0.0665035247803
R,R-derived,100,4,43687,524288,0.0833263397217,0.0833263397217,9.38011604982e-07,0.000968509992195,0.08251953125,0.0831642150879,0.0839710235596
R,R-derived,200,4,54526,524288,0.104000091553,0.104000091553,4.14238699401e-06,0.00203528548219,0.102766036987,0.103435516357,0.104669570923
R,R-derived,300,4,61967,524288,0.118192672729,0.118192672729,3.93939262722e-06,0.00198479032324,0.117137908936,0.117324829102,0.118379592896
R,R-derived,400,4,67968,524288,0.129638671875,0.129638671875,4.50538937002e-06,0.00212259025015,0.127944946289,0.129154205322,0.130847930908
R,R-derived,500,4,72645,524288,0.138559341431,0.138559341431,4.23625169788e-06,0.00205821565874,0.137077331543,0.138305664062,0.13978767395
R,R-derived,600,4,76506,524288,0.145923614502,0.145923614502,3.00982113307e-06,0.00173488360793,0.14507484436,0.145923614502,0.146772384644
R,R-derived,700,4,79560,524288,0.151748657227,0.151748657227,4.71625632296e-06,0.00217169434382,0.150552749634,0.151531219482,0.152727127075
R,R-derived,800,4,81671,524288,0.15577507019,0.15577507019,5.79602298482e-06,0.00240749309133,0.153991699219,0.155151367188,0.156934738159
R,R-derived,900,4,83227,524288,0.158742904663,0.158742904663,6.70736092919e-06,0.00258985731831,0.157447814941,0.158508300781,0.159803390503
R,R-derived,1000,4,83768,524288,0.159774780273,0.159774780273,9.32281060765e-06,0.00305332779237,0.157892227173,0.159183502197,0.161066055298
R,R-derived,1100,4,83685,524288,0.159616470337,0.159616470337,1.11568321396e-05,0.00334018444695,0.157775878906,0.158214569092,0.160055160522
R,R-derived,1200,4,82851,524288,0.158025741577,0.158025741577,2.19847764432e-05,0.00468879264237,0.155378341675,0.156188964844,0.158836364746
R,R-derived,1300,4,81103,524288,0.154691696167,0.154691696167,3.34824580932e-05,0.00578640286302,0.151754379272,0.152381896973,0.155319213867
R,R-derived,1400,4,78563,524288,0.14984703064,0.14984703064,4.90205275128e-05,0.00700146609738,0.146139144897,0.146995544434,0.150703430176
R,R-derived,1500,4,75417,524288,0.143846511841,0.143846511841,5.15047528703e-05,0.00717668118773,0.139867782593,0.140972137451,0.144950866699
R,R-derived,1600,4,71460,524288,0.136299133301,0.136299133301,4.65226282055e-05,0.00682074982722,0.132375717163,0.133651733398,0.137575149536
R,R-derived,1700,4,65891,524288,0.125677108765,0.125677108765,6.62059270932e-06,0.00257305124499,0.123920440674,0.125804901123,0.127561569214
R,R-derived,1800,4,57293,524288,0.10927772522,0.10927772522,0.000133070527227,0.0115356199325,0.106977462769,0.11344909668,0.115749359131
R,R-derived,1900,4,49482,524288,0.0943794250488,0.0943794250488,0.000445925844057,0.0211169563161,0.0923652648926,0.103775024414,0.10578918457
R,R-derived,2000,4,43117,524288,0.082239151001,0.082239151001,0.000533496781524,0.0230975492536,0.0796279907227,0.0927886962891,0.0953998565674
R,R-derived,2100,4,37438,524288,0.0714073181152,0.0714073181152,0.000502987822983,0.0224273900172,0.0689315795898,0.0813217163086,0.083797454834
R,R-derived,2200,4,32361,524288,0.0617237091064,0.0617237091064,0.000410466391865,0.0202599701842,0.05885887146,0.0697593688965,0.072624206543
R,R-derived,2300,4,27152,524288,0.0517883300781,0.0517883300781,0.000317352280642,0.0178143840938,0.0490112304688,0.0583038330078,0.0610809326172
R,R-derived,2400,4,22609,524288,0.0431232452393,0.0431232452393,0.000228334271621,0.0151107336559,0.0401611328125,0.0481262207031,0.0510883331299
R,R-derived,2500,4,18627,524288,0.0355281829834,0.0355281829834,0.000149219738281,0.0122155531304,0.0327606201172,0.038818359375,0.0415859222412
R,R-derived,2600,4,15414,524288,0.0293998718262,0.0293998718262,8.60537984408e-05,0.00927651865954,0.0269088745117,0.0313873291016,0.033878326416
R,R-derived,2700,4,12713,524288,0.0242481231689,0.0242481231689,4.75746104106e-05,0.00689743506026,0.0220489501953,0.025634765625,0.0278339385986
R,R-derived,2800,4,10609,524288,0.0202350616455,0.0202350616455,2.49964408188e-05,0.00499964406922,0.0185966491699,0.0213241577148,0.0229625701904
R,R-derived,2900,4,8929,524288,0.0170307159424,0.0170307159424,1.25363925084e-05,0.00354067684326,0.0161972045898,0.018123626709,0.0189571380615
R,R-derived,3000,4,7787,524288,0.0148525238037,0.0148525238037,8.85541764243e-06,0.00297580537711,0.0143146514893,0.0159568786621,0.0164947509766
R,R-derived,3100,4,6827,524288,0.0130214691162,0.0130214691162,4.85457227721e-06,0.00220330939207,0.0121059417725,0.0136070251465,0.0145225524902
R,R-derived,3200,4,6076,524288,0.011589050293,0.011589050293,2.98096953581e-06,0.00172654844583,0.0109157562256,0.0119323730469,0.0126056671143
R,R-derived,3300,4,5638,524288,0.0107536315918,0.0107536315918,2.43736819054e-06,0.00156120728622,0.00998115539551,0.0111846923828,0.0119571685791
R,R-derived,3400,4,5194,524288,0.00990676879883,0.00990676879883,1.1165975593e-06,0.00105669179958,0.00935745239258,0.00999069213867,0.0105400085449
R,R-derived,3500,4,4850,524288,0.00925064086914,0.00925064086914,1.02742342278e-06,0.00101361897318,0.00855445861816,0.00928115844727,0.00997734069824
R,R-derived,3600,4,4636,524288,0.00884246826172,0.00884246826172,1.36741437018e-06,0.00116936494311,0.00785827636719,0.00874328613281,0.00972747802734
R,R-derived,3700,4,4368,524288,0.00833129882812,0.00833129882812,8.97911377251e-07,0.00094758185781,0.00758171081543,0.00834274291992,0.00909233093262
R,R-derived,3800,4,4205,524288,0.00802040100098,0.00802040100098,5.89037275252e-07,0.000767487638501,0.0074405670166,0.00790786743164,0.00848770141602
R,R-derived,3900,4,4017,524288,0.00766181945801,0.00766181945801,3.58418522713e-07,0.000598680651694,0.00727462768555,0.00745391845703,0.00784111022949
R,R-derived,4000,4,3932,524288,0.00749969482422,0.00749969482422,4.14166909953e-07,0.000643558008227,0.00710105895996,0.00735092163086,0.00774955749512
R,R-derived,4100,4,3900,524288,0.00743865966797,0.00743865966797,2.75089405477e-07,0.000524489661935,0.00714874267578,0.00730514526367,0.00759506225586
R,R-derived,4200,4,3910,524288,0.0074577331543,0.0074577331543,1.71227535854e-07,0.000413796490867,0.00720024108887,0.00736236572266,0.00761985778809
R,R-derived,4300,4,3889,524288,0.00741767883301,0.00741767883301,1.25083412665e-07,0.000353671334242,0.00714302062988,0.00735855102539,0.00763320922852
R,R-derived,4400,4,4061,524288,0.00774574279785,0.00774574279785,2.95840436593e-08,0.000172000126916,0.00771522521973,0.0078125,0.00784301757812
R,R-derived,4500,4,4148,524288,0.00791168212891,0.00791168212891,2.75128210584e-08,0.000165869891959,0.00779724121094,0.00791549682617,0.00802993774414
R,R-derived,4600,4,4298,524288,0.00819778442383,0.00819778442383,1.17404852062e-07,0.000342643914381,0.0079231262207,0.00819396972656,0.00846862792969
R,R-derived,4700,4,4404,524288,0.00839996337891,0.00839996337891,8.82816190521e-08,0.000297122229145,0.00822830200195,0.0084342956543,0.00860595703125
R,R-derived,4800,4,4651,524288,0.00887107849121,0.00887107849121,1.3882042064e-07,0.000372586125131,0.00883102416992,0.00902938842773,0.00906944274902
R,R-derived,4900,4,4841,524288,0.00923347473145,0.00923347473145,2.27761726516e-07,0.000477243885782,0.00895309448242,0.00930023193359,0.00958061218262
R,R-derived,5000,4,5025,524288,0.00958442687988,0.00958442687988,1.33635088181e-08,0.000115600643675,0.00952529907227,0.00958633422852,0.00964546203613
R,R-derived,5100,4,5418,524288,0.0103340148926,0.0103340148926,5.19775009404e-07,0.000720954235305,0.00997352600098,0.0103912353516,0.0107517242432
R,R-derived,5200,4,5829,524288,0.0111179351807,0.0111179351807,5.98311695891e-07,0.000773506105917,0.0108585357666,0.0112991333008,0.0115585327148
R,R-derived,5300,4,6045,524288,0.0115299224854,0.0115299224854,6.12941221334e-07,0.000782905627349,0.0110416412354,0.0114059448242,0.0118942260742
R,R-derived,5400,4,6442,524288,0.0122871398926,0.0122871398926,5.33744848023e-07,0.000730578433861,0.0119304656982,0.0120964050293,0.0124530792236
R,R-derived,5500,4,6910,524288,0.0131797790527,0.0131797790527,7.94359948486e-07,0.000891268729669,0.012487411499,0.0130043029785,0.0136966705322
R,R-derived,5600,4,7352,524288,0.0140228271484,0.0140228271484,1.44661559413e-06,0.00120275333886,0.0131244659424,0.0137557983398,0.0146541595459
R,R-derived,5700,4,7898,524288,0.015064239502,0.015064239502,1.01570428039e-06,0.00100782155186,0.014440536499,0.0149612426758,0.0155849456787
R,R-derived,5800,4,8298,524288,0.0158271789551,0.0158271789551,1.92746908093e-06,0.00138833320242,0.0147037506104,0.0155639648438,0.0166873931885
R,R-derived,5900,4,9053,524288,0.0172672271729,0.0172672271729,2.64178864503e-06,0.00162535800519,0.0161762237549,0.0171966552734,0.0182876586914
R,R-derived,6000,4,9617,524288,0.0183429718018,0.0183429718018,3.18843619122e-06,0.00178561927387,0.0172157287598,0.0184745788574,0.0196018218994
R,R-derived,6100,4,10338,524288,0.019718170166,0.019718170166,4.44103109961e-06,0.00210737540548,0.0182552337646,0.0198669433594,0.0213298797607
R,R-derived,6200,4,11090,524288,0.0211524963379,0.0211524963379,5.01185422763e-06,0.00223871709415,0.0200996398926,0.0217933654785,0.0228462219238
R,R-derived,6300,4,11915,524288,0.02272605896,0.02272605896,5.3692056099e-06,0.0023171546366,0.0217800140381,0.0233573913574,0.0243034362793
R,R-derived,6400,4,12849,524288,0.024507522583,0.024507522583,7.37558487648e-06,0.00271580280515,0.0232620239258,0.0252723693848,0.026517868042
R,R-derived,6500,4,13870,524288,0.0264549255371,0.0264549255371,7.02607212588e-06,0.00265067390033,0.0253601074219,0.0272407531738,0.0283355712891
R,R-derived,6600,4,14832,524288,0.0282897949219,0.0282897949219,5.29980752617e-06,0.00230213108362,0.0273113250732,0.0289421081543,0.0299205780029
R,R-derived,6700,4,15671,524288,0.0298900604248,0.0298900604248,7.09839999521e-06,0.00266428226643,0.029634475708,0.0308723449707,0.0311279296875
R,R-derived,6800,4,16650,524288,0.0317573547363,0.0317573547363,9.62407405799e-06,0.00310226917884,0.0308570861816,0.0324668884277,0.0333671569824
R,R-derived,6900,4,17480,524288,0.0333404541016,0.0333404541016,1.52686067546e-05,0.00390750646252,0.0323867797852,0.0345726013184,0.0355262756348
R,R-derived,7000,4,18643,524288,0.0355587005615,0.0355587005615,1.83609615002e-05,0.00428496925313,0.0341987609863,0.0366859436035,0.0380458831787
R,R-derived,7100,4,19790,524288,0.0377464294434,0.0377464294434,2.05869437195e-05,0.00453728373805,0.0362129211426,0.0384826660156,0.0400161743164
R,R-derived,7200,4,20917,524288,0.0398960113525,0.0398960113525,2.22346037238e-05,0.0047153582816,0.0385303497314,0.0402145385742,0.0415802001953
R,R-derived,7300,4,22193,524288,0.042329788208,0.042329788208,2.322436679e-05,0.00481916660741,0.0406837463379,0.0425453186035,0.0441913604736
R,R-derived,7400,4,23560,524288,0.0449371337891,0.0449371337891,2.31892724211e-05,0.00481552410659,0.043529510498,0.0455131530762,0.0469207763672
R,R-derived,7500,4,24907,524288,0.0475063323975,0.0475063323975,2.23843138277e-05,0.00473120638185,0.0461139678955,0.0481185913086,0.0495109558105
R,R-derived,7600,4,26339,524288,0.0502376556396,0.0502376556396,1.98763009394e-05,0.00445828452876,0.0491580963135,0.0508995056152,0.0519790649414
R,R-derived,7700,4,27515,524288,0.0524806976318,0.0524806976318,1.61238858709e-05,0.00401545587336,0.0517749786377,0.0535697937012,0.0542755126953
R,R-derived,7800,4,28584,524288,0.0545196533203,0.0545196533203,1.22826701651e-05,0.00350466405881,0.0539054870605,0.0557327270508,0.0563468933105
R,R-derived,7900,4,29480,524288,0.0562286376953,0.0562286376953,1.13401329145e-05,0.00336751138298,0.0548572540283,0.0572624206543,0.0586338043213
R,R-derived,8000,4,30477,524288,0.0581302642822,0.0581302642822,1.09304819489e-05,0.00330612793898,0.0565624237061,0.0587425231934,0.0603103637695
R,R-derived,8100,4,31589,524288,0.0602512359619,0.0602512359619,8.13806642933e-06,0.00285272964533,0.0591106414795,0.0607643127441,0.0619049072266
R,R-derived,8200,4,32800,524288,0.0625610351562,0.0625610351562,7.04805521915e-06,0.00265481736079,0.0620498657227,0.0633888244629,0.0638999938965
R,R-derived,8300,4,33862,524288,0.0645866394043,0.0645866394043,7.20756361261e-06,0.00268469059905,0.0635757446289,0.0654067993164,0.0664176940918
R,R-derived,8400,4,34862,524288,0.0664939880371,0.0664939880371,4.4810003601e-06,0.00211683734852,0.0654430389404,0.0667839050293,0.067834854126
R,R-derived,8500,4,35684,524288,0.0680618286133,0.0680618286133,2.55240593106e-06,0.00159762509089,0.066822052002,0.0678596496582,0.0690994262695
R,R-derived,8600,4,36224,524288,0.069091796875,0.069091796875,2.46067065746e-06,0.00156865249735,0.0678730010986,0.0690498352051,0.0702686309814
R,R-derived,8700,4,37304,524288,0.0711517333984,0.0711517333984,3.2076301674e-06,0.00179098580882,0.0702133178711,0.0715866088867,0.0725250244141
R,R-derived,8800,4,38064,524288,0.0726013183594,0.0726013183594,4.42358820389e-06,0.00210323279831,0.0716934204102,0.073184967041,0.0740928649902
R,R-derived,8900,4,38878,524288,0.0741539001465,0.0741539001465,4.69000466789e-06,0.00216564186049,0.0733509063721,0.0743179321289,0.0751209259033
R,R-derived,9000,4,39371,524288,0.0750942230225,0.0750942230225,3.41280732149e-06,0.00184737849979,0.0738372802734,0.0751914978027,0.0764484405518
R,R-derived,9100,4,39687,524288,0.0756969451904,0.0756969451904,5.66315429751e-06,0.00237973828341,0.0740375518799,0.0754852294922,0.0771446228027
R,R-derived,9200,4,40172,524288,0.0766220092773,0.0766220092773,4.5276635016e-06,0.00212783070323,0.0752811431885,0.0768966674805,0.0782375335693
R,R-derived,9300,4,40433,524288,0.0771198272705,0.0771198272705,4.37109944566e-06,0.00209071744759,0.0756149291992,0.0771903991699,0.0786952972412
R,R-derived,9400,4,40558,524288,0.0773582458496,0.0773582458496,9.89997837072e-06,0.00314642310739,0.0752620697021,0.0777473449707,0.0798435211182
R,R-derived,9500,4,40622,524288,0.0774803161621,0.0774803161621,1.1612874611e-05,0.00340776680701,0.0756950378418,0.0782089233398,0.0799942016602
R,R-derived,9600,4,40907,524288,0.0780239105225,0.0780239105225,1.21134944493e-05,0.00348044457639,0.0765533447266,0.0786209106445,0.0800914764404
R,R-derived,9700,4,41213,524288,0.0786075592041,0.0786075592041,1.41138589242e-05,0.00375684161554,0.0769329071045,0.0793304443359,0.0810050964355
R,R-derived,9800,4,41468,524288,0.0790939331055,0.0790939331055,1.14054807151e-05,0.00337720012957,0.0770568847656,0.079761505127,0.0817985534668
R,R-derived,9900,4,41472,524288,0.0791015625,0.0791015625,1.5547615476e-05,0.00394304647144,0.0768051147461,0.0797233581543,0.0820198059082
R,R-derived,10000,4,41832,524288,0.0797882080078,0.0797882080078,1.89077109098e-05,0.00434829977231,0.077033996582,0.0794982910156,0.0822525024414
R,R-derived,10100,4,42014,524288,0.080135345459,0.080135345459,1.5350310908e-05,0.00391794728244,0.0773735046387,0.0793037414551,0.0820655822754
R,R-derived,10200,4,42411,524288,0.0808925628662,0.0808925628662,1.16614925597e-05,0.00341489275963,0.0787601470947,0.080379486084,0.0825119018555
R,R-derived,10300,4,42889,524288,0.0818042755127,0.0818042755127,8.81059774353e-06,0.00296826510668,0.0803070068359,0.0813026428223,0.082799911499
R,R-derived,10400,4,42878,524288,0.0817832946777,0.0817832946777,1.01135616812e-05,0.00318018264903,0.0805816650391,0.0818290710449,0.0830307006836
R,R-derived,10500,4,43031,524288,0.0820751190186,0.0820751190186,1.2780437828e-05,0.00357497382201,0.0807781219482,0.0821990966797,0.08349609375
R,R-derived,10600,4,43077,524288,0.0821628570557,0.0821628570557,1.11943954835e-05,0.00334580266655,0.080883026123,0.0822639465332,0.0835437774658
R,R-derived,10700,4,42996,524288,0.0820083618164,0.0820083618164,1.121731475e-05,0.00334922599267,0.0802040100098,0.0820236206055,0.0838279724121
R,R-derived,10800,4,42813,524288,0.0816593170166,0.0816593170166,1.66746855636e-05,0.00408346489682,0.0797309875488,0.0820579528809,0.0839862823486
R,R-derived,10900,4,42863,524288,0.0817546844482,0.0817546844482,1.68349506566e-05,0.00410304163477,0.0798358917236,0.0823745727539,0.0842933654785
R,R-derived,11000,4,42932,524288,0.0818862915039,0.0818862915039,1.60984927788e-05,0.00401229270852,0.0808773040771,0.0832672119141,0.0842761993408
R,R-derived,11100,4,43000,524288,0.0820159912109,0.0820159912109,1.96861025567e-05,0.00443690236051,0.0813426971436,0.083568572998,0.0842418670654
R,R-derived,11200,4,42814,524288,0.0816612243652,0.0816612243652,2.56553175859e-05,0.00506510785531,0.0808506011963,0.083324432373,0.084135055542
R,R-derived,11300,4,42649,524288,0.0813465118408,0.0813465118408,3.04957454015e-05,0.00552229530191,0.0797595977783,0.0830039978027,0.0845909118652
R,R-derived,11400,4,42679,524288,0.0814037322998,0.0814037322998,2.65206666275e-05,0.0051498219996,0.0793857574463,0.0828056335449,0.0848236083984
R,R-derived,11500,4,42590,524288,0.0812339782715,0.0812339782715,1.87648499074e-05,0.00433184139915,0.0790462493896,0.0820388793945,0.0842266082764
R,R-derived,11600,4,42720,524288,0.0814819335938,0.0814819335938,1.57292621831e-05,0.00396601338665,0.079460144043,0.0822067260742,0.084228515625
R,R-derived,11700,4,42892,524288,0.0818099975586,0.0818099975586,1.84055728217e-05,0.00429017165411,0.0797538757324,0.0824127197266,0.0844688415527
R,R-derived,11800,4,42781,524288,0.0815982818604,0.0815982818604,1.71887368197e-05,0.00414593015132,0.0795402526855,0.0817947387695,0.0838527679443
R,R-derived,11900,4,42714,524288,0.081470489502,0.081470489502,1.71173402729e-05,0.00413731075373,0.0793552398682,0.0817070007324,0.0838222503662
R,R-derived,12000,4,42854,524288,0.0817375183105,0.0817375183105,1.63334771059e-05,0.00404146967154,0.0800285339355,0.0827369689941,0.0844459533691
R,R-derived,12100,4,42864,524288,0.0817565917969,0.0817565917969,2.32695213829e-05,0.00482384922888,0.0803356170654,0.0834579467773,0.0848789215088
R,R-derived,12200,4,42966,524288,0.0819511413574,0.0819511413574,2.4208042305e-05,0.00492016689808,0.0803756713867,0.0834693908691,0.0850448608398
R,R-derived,12300,4,43037,524288,0.0820865631104,0.0820865631104,2.44721062093e-05,0.00494692896748,0.0812149047852,0.0840454101562,0.0849170684814
R,R-derived,12400,4,42970,524288,0.081958770752,0.081958770752,2.965212722e-05,0.00544537668302,0.0814437866211,0.0841369628906,0.0846519470215
R,R-derived,12500,4,42402,524288,0.0808753967285,0.0808753967285,2.23746174015e-05,0.00473018154002,0.079963684082,0.0828857421875,0.083797454834
R,R-derived,12600,4,42412,524288,0.0808944702148,0.0808944702148,2.06258070345e-05,0.00454156438185,0.0804252624512,0.0828895568848,0.0833587646484
R,R-derived,12700,4,42237,524288,0.0805606842041,0.0805606842041,1.73760490725e-05,0.00416845883661,0.0795478820801,0.081672668457,0.0826854705811
R,R-derived,12800,4,42017,524288,0.0801410675049,0.0801410675049,1.42944966986e-05,0.00378080635561,0.078763961792,0.0810089111328,0.0823860168457
R,R-derived,12900,4,41511,524288,0.0791759490967,0.0791759490967,9.85499840075e-06,0.00313926717575,0.0779075622559,0.0798492431641,0.0811176300049
R,R-derived,13000,4,41251,524288,0.0786800384521,0.0786800384521,9.97785537038e-06,0.00315877434623,0.0773906707764,0.0793418884277,0.0806312561035
R,R-derived,13100,4,40890,524288,0.0779914855957,0.0779914855957,7.47760835414e-06,0.00273452159511,0.0765819549561,0.0785636901855,0.0799732208252
R,R-derived,13200,4,40591,524288,0.0774211883545,0.0774211883545,8.72968909486e-06,0.00295460472735,0.0755615234375,0.0777053833008,0.0795650482178
R,R-derived,13300,4,40157,524288,0.0765933990479,0.0765933990479,7.47356777235e-06,0.00273378268565,0.07470703125,0.0768737792969,0.0787601470947
R,R-derived,13400,4,40040,524288,0.0763702392578,0.0763702392578,7.11999988804e-06,0.00266833279185,0.0746936798096,0.0765495300293,0.0782260894775
R,R-derived,13500,4,39883,524288,0.0760707855225,0.0760707855225,4.68771031592e-06,0.0021651120793,0.0745544433594,0.0760650634766,0.0775814056396
R,R-derived,13600,4,39638,524288,0.0756034851074,0.0756034851074,2.0563796473e-06,0.0014340082452,0.0745029449463,0.0755653381348,0.0766658782959
R,R-derived,13700,4,39448,524288,0.0752410888672,0.0752410888672,3.26836016029e-06,0.00180786065843,0.0742816925049,0.0754547119141,0.0764141082764
R,R-derived,13800,4,39517,524288,0.0753726959229,0.0753726959229,4.09542796357e-06,0.00202371637429,0.0746784210205,0.0758514404297,0.076545715332
R,R-derived,13900,4,39211,524288,0.0747890472412,0.0747890472412,3.90633067582e-06,0.00197644394705,0.0743465423584,0.0750999450684,0.0755424499512
R,R-derived,14000,4,38759,524288,0.0739269256592,0.0739269256592,2.89747549687e-06,0.00170219725557,0.0733699798584,0.0743713378906,0.0749282836914
R,R-derived,14100,4,38694,524288,0.073802947998,0.073802947998,4.07548698907e-06,0.00201878354191,0.0729122161865,0.0743675231934,0.0752582550049
R,R-derived,14200,4,38788,524288,0.0739822387695,0.0739822387695,5.16038077573e-06,0.00227164715036,0.0726699829102,0.0743865966797,0.0756988525391
R,R-derived,14300,4,38624,524288,0.0736694335938,0.0736694335938,4.67411397646e-06,0.00216196992959,0.0727405548096,0.0738296508789,0.0747585296631
R,R-derived,14400,4,38411,524288,0.073263168335,0.073263168335,5.49109245185e-06,0.00234330801472,0.0718421936035,0.0733680725098,0.0747890472412
R,R-derived,14500,4,38512,524288,0.0734558105469,0.0734558105469,6.47098446886e-06,0.00254381297836,0.0723152160645,0.0737228393555,0.0748634338379
R,R-derived,14600,4,38681,524288,0.0737781524658,0.0737781524658,7.73561866178e-06,0.00278129801743,0.072566986084,0.0741920471191,0.075403213501
R,R-derived,14700,4,38730,524288,0.0738716125488,0.0738716125488,4.98989053691e-06,0.00223380628903,0.0727672576904,0.0744705200195,0.0755748748779
R,R-derived,14800,4,38402,524288,0.0732460021973,0.0732460021973,6.14837820952e-06,0.00247959234745,0.0719432830811,0.0738868713379,0.0751895904541
R,R-derived,14900,4,37959,524288,0.0724010467529,0.0724010467529,7.16987900281e-06,0.00267766297409,0.0707893371582,0.0728416442871,0.0744533538818
R,R-derived,15000,4,37952,524288,0.0723876953125,0.0723876953125,7.78934918344e-06,0.00279094055534,0.0703163146973,0.0724868774414,0.0745582580566
R,R-derived,15100,4,38465,524288,0.0733661651611,0.0733661651611,5.16423703327e-06,0.00227249577189,0.0718441009521,0.0733604431152,0.0748825073242
R,R-derived,15200,4,38273,524288,0.0729999542236,0.0729999542236,3.34951619152e-06,0.0018301683506,0.0715045928955,0.0727500915527,0.0742454528809
R,R-derived,15300,4,37957,524288,0.0723972320557,0.0723972320557,7.60672264732e-07,0.000872165273748,0.0721092224121,0.0724868774414,0.072774887085
R,R-derived,15400,4,37932,524288,0.0723495483398,0.0723495483398,6.32833689451e-07,0.000795508447128,0.0719413757324,0.0724105834961,0.0728187561035
R,R-derived,15500,4,38175,524288,0.0728130340576,0.0728130340576,3.91781698757e-06,0.00197934761666,0.0720367431641,0.072624206543,0.0734004974365
R,R-derived,15600,4,37973,524288,0.0724277496338,0.0724277496338,9.7214312215e-06,0.00311792097743,0.0716342926025,0.0728874206543,0.0736808776855
R,R-derived,15700,4,37622,524288,0.0717582702637,0.0717582702637,1.31369451992e-05,0.00362449240573,0.0706939697266,0.0718650817871,0.0729293823242
R,R-derived,15800,4,37546,524288,0.0716133117676,0.0716133117676,1.85803704274e-05,0.00431049538074,0.0698719024658,0.0718383789062,0.073579788208
R,R-derived,15900,4,37543,524288,0.0716075897217,0.0716075897217,2.0390546221e-05,0.00451558924405,0.0703392028809,0.0721244812012,0.073392868042
R,R-derived,16000,4,37458,524288,0.0714454650879,0.0714454650879,1.91875151359e-05,0.00438035559468,0.0701942443848,0.0718650817871,0.0731163024902
R,all,100,4,44020,524288,0.0839614868164,0.0839614868164,8.44437939425e-07,0.000918933044038,0.0831966400146,0.083812713623,0.0845775604248
R,all,200,4,54917,524288,0.104745864868,0.104745864868,3.75436987573e-06,0.00193761964165,0.103591918945,0.104202270508,0.105356216431
R,all,300,4,62393,524288,0.119005203247,0.119005203247,3.92685857757e-06,0.00198163028276,0.11784362793,0.118137359619,0.119298934937
R,all,400,4,68411,524288,0.130483627319,0.130483627319,4.73474210594e-06,0.0021759462553,0.128740310669,0.129993438721,0.131736755371
R,all,500,4,73126,524288,0.139476776123,0.139476776123,4.43004925425e-06,0.00210476821865,0.137939453125,0.139221191406,0.140758514404
R,all,600,4,77018,524288,0.146900177002,0.146900177002,3.02084178353e-06,0.00173805689882,0.146059036255,0.146938323975,0.147779464722
R,all,700,4,80040,524288,0.15266418457,0.15266418457,4.68175858259e-06,0.00216373717965,0.151466369629,0.152465820312,0.153663635254
R,all,800,4,82172,524288,0.156730651855,0.156730651855,5.38490712643e-06,0.00232054026606,0.155006408691,0.156105041504,0.157829284668
R,all,900,4,83692,524288,0.159629821777,0.159629821777,6.64595669756e-06,0.00257797530973,0.158266067505,0.159400939941,0.160764694214
R,all,1000,4,84245,524288,0.160684585571,0.160684585571,9.81875443055e-06,0.0031334891783,0.158729553223,0.160106658936,0.162061691284
R,all,1100,4,84184,524288,0.160568237305,0.160568237305,1.15904646615e-05,0.00340447714951,0.158641815186,0.159149169922,0.161075592041
R,all,1200,4,83329,524288,0.158937454224,0.158937454224,2.13900881742e-05,0.00462494196441,0.156272888184,0.157123565674,0.159788131714
R,all,1300,4,81562,524288,0.155567169189,0.155567169189,3.40610082882e-05,0.00583618096774,0.152637481689,0.153228759766,0.156158447266
R,all,1400,4,79007,524288,0.150693893433,0.150693893433,4.97412935753e-05,0.00705275078075,0.147039413452,0.147846221924,0.151500701904
R,all,1500,4,75822,524288,0.144618988037,0.144618988037,5.25224992695e-05,0.00724724080388,0.140544891357,0.141712188721,0.1457862854
R,all,1600,4,71865,524288,0.137071609497,0.137071609497,4.69912532329e-05,0.00685501664716,0.13313293457,0.134387969971,0.138326644897
R,all,1700,4,66214,524288,0.126293182373,0.126293182373,6.62257662043e-06,0.00257343673333,0.124532699585,0.12642288208,0.128183364868
R,all,1800,4,57563,524288,0.109792709351,0.109792709351,0.000134125172432,0.0115812422664,0.107437133789,0.113941192627,0.116296768188
R,all,1900,4,49703,524288,0.0948009490967,0.0948009490967,0.00044876113437,0.0211839829676,0.0927886962891,0.104228973389,0.106241226196
R,all,2000,4,43324,524288,0.082633972168,0.082633972168,0.000535191541227,0.0231342071666,0.080099105835,0.0932388305664,0.0957736968994
R,all,2100,4,37623,524288,0.0717601776123,0.0717601776123,0.000507654636749,0.0225311925283,0.0692672729492,0.0817260742188,0.0842189788818
R,all,2200,4,32478,524288,0.0619468688965,0.0619468688965,0.000413686366907,0.0203392813764,0.0591068267822,0.0700263977051,0.0728664398193
R,all,2300,4,27293,524288,0.0520572662354,0.0520572662354,0.000320588796361,0.0179049936152,0.0492401123047,0.0586090087891,0.0614261627197
R,all,2400,4,22708,524288,0.0433120727539,0.0433120727539,0.000229760655202,0.0151578578698,0.0403614044189,0.04833984375,0.051290512085
R,all,2500,4,18722,524288,0.0357093811035,0.0357093811035,0.00015126861399,0.0122991306193,0.0329151153564,0.0390090942383,0.0418033599854
R,all,2600,4,15507,524288,0.029577255249,0.029577255249,8.73437529663e-05,0.00934578797995,0.0271110534668,0.0315780639648,0.0340442657471
R,all,2700,4,12783,524288,0.0243816375732,0.0243816375732,4.84757038066e-05,0.00696244955505,0.022159576416,0.025764465332,0.0279865264893
R,all,2800,4,10673,524288,0.020357131958,0.020357131958,2.55270230506e-05,0.0050524274414,0.0187320709229,0.0214653015137,0.0230903625488
R,all,2900,4,8975,524288,0.0171184539795,0.0171184539795,1.26725596298e-05,0.00355985387759,0.0162658691406,0.0181999206543,0.0190525054932
R,all,3000,4,7843,524288,0.0149593353271,0.0149593353271,9.01548870994e-06,0.00300258034196,0.0144119262695,0.0160713195801,0.0166187286377
R,all,3100,4,6881,524288,0.0131244659424,0.0131244659424,4.99015732203e-06,0.0022338660036,0.012186050415,0.0137062072754,0.0146446228027
R,all,3200,4,6120,524288,0.0116729736328,0.0116729736328,2.99951837709e-06,0.00173191176943,0.01100730896,0.0120277404785,0.0126934051514
R,all,3300,4,5693,524288,0.0108585357666,0.0108585357666,2.48319217159e-06,0.00157581476437,0.0100917816162,0.011287689209,0.0120544433594
R,all,3400,4,5227,524288,0.00996971130371,0.00996971130371,1.15004271114e-06,0.00107240044346,0.0094051361084,0.0100440979004,0.0106086730957
R,all,3500,4,4890,524288,0.00932693481445,0.00932693481445,1.07647307838e-06,0.00103753220595,0.00860404968262,0.00935363769531,0.0100765228271
R,all,3600,4,4676,524288,0.00891876220703,0.00891876220703,1.41743415346e-06,0.00119056043671,0.00791358947754,0.00881958007812,0.00982475280762
R,all,3700,4,4401,524288,0.00839424133301,0.00839424133301,8.93152900971e-07,0.000945067670049,0.00764465332031,0.00840377807617,0.00915336608887
R,all,3800,4,4243,524288,0.00809288024902,0.00809288024902,6.05102589664e-07,0.000777883403644,0.00750160217285,0.00798416137695,0.00857543945312
R,all,3900,4,4046,524288,0.00771713256836,0.00771713256836,3.67930624634e-07,0.000606572851877,0.00733184814453,0.00750732421875,0.00789260864258
R,all,4000,4,3968,524288,0.007568359375,0.007568359375,4.14089299738e-07,0.00064349770764,0.00718116760254,0.0074348449707,0.00782203674316
R,all,4100,4,3934,524288,0.00750350952148,0.00750350952148,2.65523946534e-07,0.000515290157614,0.00723075866699,0.00738525390625,0.00765800476074
R,all,4200,4,3944,524288,0.00752258300781,0.00752258300781,1.59178550045e-07,0.000398971866232,0.00724792480469,0.00742340087891,0.00769805908203
R,all,4300,4,3924,524288,0.00748443603516,0.00748443603516,1.09779648483e-07,0.000331330120096,0.0072193145752,0.00742340087891,0.00768852233887
R,all,4400,4,4085,524288,0.00779151916504,0.00779151916504,3.50943688924e-08,0.000187334911035,0.00773429870605,0.00785827636719,0.00791549682617
R,all,4500,4,4176,524288,0.00796508789062,0.00796508789062,2.43696073691e-08,0.000156107678764,0.00785446166992,0.00796508789062,0.00807571411133
R,all,4600,4,4328,524288,0.00825500488281,0.00825500488281,1.2149879088e-07,0.000348566766746,0.00797653198242,0.00824356079102,0.00852203369141
R,all,4700,4,4439,524288,0.00846672058105,0.00846672058105,8.35231427724e-08,0.000289003707195,0.00830268859863,0.00851821899414,0.00868225097656
R,all,4800,4,4682,524288,0.00893020629883,0.00893020629883,1.30249342571e-07,0.000360900737836,0.00889587402344,0.00908279418945,0.00911712646484
R,all,4900,4,4867,524288,0.0092830657959,0.0092830657959,2.23920020896e-07,0.000473201881754,0.00901985168457,0.00936889648438,0.0096321105957
R,all,5000,4,5068,524288,0.00966644287109,0.00966644287109,1.52892122666e-08,0.000123649554252,0.00959396362305,0.00965118408203,0.00972366333008
R,all,5100,4,5459,524288,0.0104122161865,0.0104122161865,5.21710414129e-07,0.000722295240279,0.01003074646,0.0104598999023,0.0108413696289
R,all,5200,4,5862,524288,0.0111808776855,0.0111808776855,6.440289629e-07,0.000802514151215,0.0109024047852,0.0113410949707,0.0116195678711
R,all,5300,4,6084,524288,0.011604309082,0.011604309082,6.00043373803e-07,0.000774624666405,0.011137008667,0.011474609375,0.01194190979
R,all,5400,4,6484,524288,0.0123672485352,0.0123672485352,5.68300796052e-07,0.000753857278304,0.0119915008545,0.0121536254883,0.0125293731689
R,all,5500,4,6945,524288,0.0132465362549,0.0132465362549,8.26330506243e-07,0.000909027230749,0.0125408172607,0.0130653381348,0.0137710571289
R,all,5600,4,7399,524288,0.0141124725342,0.0141124725342,1.44007208291e-06,0.00120003003417,0.0132255554199,0.0138473510742,0.0147342681885
R,all,5700,4,7939,524288,0.0151424407959,0.0151424407959,9.84888174571e-07,0.000992415323628,0.0145168304443,0.0150184631348,0.0156440734863
R,all,5800,4,8338,524288,0.0159034729004,0.0159034729004,1.96670104439e-06,0.00140239118808,0.014762878418,0.0156555175781,0.0167961120605
R,all,5900,4,9095,524288,0.0173473358154,0.0173473358154,2.6181951398e-06,0.0016180837864,0.0162563323975,0.017276763916,0.018367767334
R,all,6000,4,9664,524288,0.0184326171875,0.0184326171875,3.16048196206e-06,0.00177777444072,0.0173053741455,0.0185546875,0.019681930542
R,all,6100,4,10387,524288,0.019811630249,0.019811630249,4.41510443731e-06,0.00210121499074,0.0183715820312,0.0199775695801,0.0214176177979
R,all,6200,4,11141,524288,0.0212497711182,0.0212497711182,4.97335471058e-06,0.00223010195071,0.0201721191406,0.0218620300293,0.0229396820068
R,all,6300,4,11978,524288,0.0228462219238,0.0228462219238,5.4831810606e-06,0.00234161932444,0.0218887329102,0.0234642028809,0.0244216918945
R,all,6400,4,12902,524288,0.0246086120605,0.0246086120605,7.50849721953e-06,0.0027401637213,0.0233383178711,0.0253944396973,0.0266647338867
R,all,6500,4,13946,524288,0.0265998840332,0.0265998840332,7.20294580484e-06,0.00268383043519,0.025463104248,0.027400970459,0.0285377502441
R,all,6600,4,14898,524288,0.0284156799316,0.0284156799316,5.19047413642e-06,0.002278261209,0.0274429321289,0.0290679931641,0.0300407409668
R,all,6700,4,15743,524288,0.0300273895264,0.0300273895264,6.9452750419e-06,0.00263538897355,0.029764175415,0.0310134887695,0.0312767028809
R,all,6800,4,16738,524288,0.031925201416,0.031925201416,9.4316007259e-06,0.00307109112953,0.0310916900635,0.0326652526855,0.0334987640381
R,all,6900,4,17558,524288,0.0334892272949,0.0334892272949,1.51281128637e-05,0.00388948748086,0.0325756072998,0.034740447998,0.0356540679932
R,all,7000,4,18734,524288,0.0357322692871,0.0357322692871,1.82547179672e-05,0.00427255403326,0.0343990325928,0.0368614196777,0.0381946563721
R,all,7100,4,19868,524288,0.0378952026367,0.0378952026367,2.04933263982e-05,0.00452695553305,0.0363578796387,0.0386238098145,0.0401611328125
R,all,7200,4,21017,524288,0.0400867462158,0.0400867462158,2.2058156901e-05,0.00469661121459,0.0387325286865,0.0404052734375,0.0417594909668
R,all,7300,4,22289,524288,0.0425128936768,0.0425128936768,2.33018217841e-05,0.00482719605818,0.0408573150635,0.0427093505859,0.0443649291992
R,all,7400,4,23650,524288,0.045108795166,0.045108795166,2.33841710724e-05,0.00483571825817,0.0436935424805,0.0456771850586,0.0470924377441
R,all,7500,4,25012,524288,0.0477066040039,0.0477066040039,2.26800718034e-05,0.00476235989856,0.0462818145752,0.0483131408691,0.0497379302979
R,all,7600,4,26452,524288,0.0504531860352,0.0504531860352,1.9855137604e-05,0.00445591041247,0.0494117736816,0.0511207580566,0.0521621704102
R,all,7700,4,27622,524288,0.0526847839355,0.0526847839355,1.6258622054e-05,0.00403219816651,0.0519866943359,0.0537719726562,0.0544700622559
R,all,7800,4,28694,524288,0.0547294616699,0.0547294616699,1.22628989629e-05,0.00350184222416,0.0541229248047,0.055965423584,0.0565719604492
R,all,7900,4,29589,524288,0.0564365386963,0.0564365386963,1.14899739856e-05,0.00338968641405,0.055046081543,0.0574722290039,0.0588626861572
R,all,8000,4,30597,524288,0.0583591461182,0.0583591461182,1.1039757131e-05,0.00332261299747,0.0567817687988,0.0589599609375,0.0605373382568
R,all,8100,4,31711,524288,0.0604839324951,0.0604839324951,8.28257664883e-06,0.00287794660285,0.05934715271,0.0610084533691,0.0621452331543
R,all,8200,4,32925,524288,0.0627994537354,0.0627994537354,7.03320741498e-06,0.00265201949747,0.06227684021,0.0636253356934,0.0641479492188
R,all,8300,4,33983,524288,0.0648174285889,0.0648174285889,7.40678418272e-06,0.00272154077367,0.0637722015381,0.0656356811523,0.0666809082031
R,all,8400,4,34996,524288,0.0667495727539,0.0667495727539,4.35210919629e-06,0.00208617094129,0.0657367706299,0.0670394897461,0.0680522918701
R,all,8500,4,35835,524288,0.0683498382568,0.0683498382568,2.74175060137e-06,0.00165582323977,0.0670623779297,0.0681495666504,0.0694370269775
R,all,8600,4,36379,524288,0.0693874359131,0.0693874359131,2.54205951933e-06,0.00159438374281,0.0681552886963,0.0693511962891,0.0705833435059
R,all,8700,4,37452,524288,0.0714340209961,0.0714340209961,3.36498487741e-06,0.00183438951082,0.0704231262207,0.071849822998,0.0728607177734
R,all,8800,4,38223,524288,0.072904586792,0.072904586792,4.3846812332e-06,0.00209396304485,0.07200050354,0.0735130310059,0.0744171142578
R,all,8900,4,39024,524288,0.0744323730469,0.0744323730469,4.63616258154e-06,0.00215317500021,0.0736293792725,0.0745735168457,0.0753765106201
R,all,9000,4,39526,524288,0.0753898620605,0.0753898620605,3.50555637851e-06,0.0018723131091,0.0741539001465,0.0755386352539,0.076774597168
R,all,9100,4,39827,524288,0.075963973999,0.075963973999,5.6038988987e-06,0.00236725556261,0.0742969512939,0.0757369995117,0.0774040222168
R,all,9200,4,40317,524288,0.0768985748291,0.0768985748291,4.30842919741e-06,0.00207567560023,0.0755653381348,0.0771789550781,0.0785121917725
R,all,9300,4,40601,524288,0.0774402618408,0.0774402618408,4.46035119239e-06,0.00211195435377,0.0759010314941,0.0775032043457,0.0790424346924
R,all,9400,4,40710,524288,0.0776481628418,0.0776481628418,9.6246949397e-06,0.00310236924619,0.0756187438965,0.0780296325684,0.0800590515137
R,all,9500,4,40772,524288,0.077766418457,0.077766418457,1.17635742451e-05,0.00342980673582,0.0760078430176,0.078556060791,0.0803146362305
R,all,9600,4,41061,524288,0.0783176422119,0.0783176422119,1.20972351093e-05,0.00347810797839,0.0768508911133,0.0789108276367,0.0803775787354
R,all,9700,4,41369,524288,0.0789051055908,0.0789051055908,1.41889856119e-05,0.00376682699522,0.0772190093994,0.0796051025391,0.0812911987305
R,all,9800,4,41622,524288,0.0793876647949,0.0793876647949,1.13656472725e-05,0.00337129756511,0.0773830413818,0.0800514221191,0.0820560455322
R,all,9900,4,41630,524288,0.079402923584,0.079402923584,1.58924182567e-05,0.00398652960062,0.0770587921143,0.0800514221191,0.0823955535889
R,all,10000,4,41977,524288,0.0800647735596,0.0800647735596,1.94223975996e-05,0.00440708493219,0.0772266387939,0.0797386169434,0.082576751709
R,all,10100,4,42169,524288,0.0804309844971,0.0804309844971,1.52019929374e-05,0.00389897331837,0.0776882171631,0.0795936584473,0.0823364257812
R,all,10200,4,42566,524288,0.0811882019043,0.0811882019043,1.17705785669e-05,0.00343082767958,0.0790748596191,0.0806655883789,0.0827789306641
R,all,10300,4,43040,524288,0.0820922851562,0.0820922851562,8.63704675188e-06,0.0029388852907,0.0806083679199,0.081600189209,0.0830841064453
R,all,10400,4,43033,524288,0.0820789337158,0.0820789337158,1.02780904854e-05,0.00320594611392,0.0808887481689,0.0821189880371,0.083309173584
R,all,10500,4,43210,524288,0.0824165344238,0.0824165344238,1.25346899343e-05,0.0035404364045,0.0811386108398,0.0825080871582,0.0837860107422
R,all,10600,4,43213,524288,0.0824222564697,0.0824222564697,1.14006058235e-05,0.00337647831676,0.0811290740967,0.0825157165527,0.0838088989258
R,all,10700,4,43174,524288,0.082347869873,0.082347869873,1.15189274463e-05,0.00339395454393,0.0805339813232,0.0823516845703,0.0841655731201
R,all,10800,4,42968,524288,0.0819549560547,0.0819549560547,1.70063770687e-05,0.00412387888627,0.0800228118896,0.0823020935059,0.0842342376709
R,all,10900,4,43031,524288,0.0820751190186,0.0820751190186,1.67545464744e-05,0.0040932317885,0.0801544189453,0.082649230957,0.0845699310303
R,all,11000,4,43098,524288,0.082202911377,0.082202911377,1.62297898593e-05,0.00402862133481,0.0811500549316,0.0835456848145,0.0845985412598
R,all,11100,4,43156,524288,0.0823135375977,0.0823135375977,1.95083363603e-05,0.00441682423923,0.0816497802734,0.0838317871094,0.0844955444336
R,all,11200,4,42970,524288,0.081958770752,0.081958770752,2.52485236463e-05,0.00502479090573,0.0811042785645,0.0835723876953,0.0844268798828
R,all,11300,4,42806,524288,0.0816459655762,0.0816459655762,3.04028896304e-05,0.00551388153939,0.0800762176514,0.083309173584,0.0848789215088
R,all,11400,4,42838,524288,0.0817070007324,0.0817070007324,2.62835722727e-05,0.00512675065443,0.0797233581543,0.0831184387207,0.0851020812988
R,all,11500,4,42745,524288,0.0815296173096,0.0815296173096,1.85411724184e-05,0.00430594616994,0.07936668396,0.0823364257812,0.0844993591309
R,all,11600,4,42853,524288,0.0817356109619,0.0817356109619,1.59313737337e-05,0.00399141249857,0.0797214508057,0.0824966430664,0.0845108032227
R,all,11700,4,43045,524288,0.0821018218994,0.0821018218994,1.85298801322e-05,0.00430463472692,0.0800590515137,0.0826721191406,0.0847148895264
R,all,11800,4,42944,524288,0.0819091796875,0.0819091796875,1.71857342745e-05,0.00414556802797,0.07985496521,0.0821228027344,0.0841770172119
R,all,11900,4,42852,524288,0.0817337036133,0.0817337036133,1.7096560138e-05,0.00413479868167,0.079626083374,0.0819435119629,0.0840511322021
R,all,12000,4,43021,524288,0.0820560455322,0.0820560455322,1.6242551889e-05,0.00403020494379,0.080322265625,0.0830421447754,0.0847759246826
R,all,12100,4,43050,524288,0.0821113586426,0.0821113586426,2.30546381014e-05,0.00480152456012,0.080638885498,0.0837707519531,0.0852432250977
R,all,12200,4,43136,524288,0.082275390625,0.082275390625,2.40640171493e-05,0.00490550885733,0.0807018280029,0.0838012695312,0.0853748321533
R,all,12300,4,43201,524288,0.0823993682861,0.0823993682861,2.42520036409e-05,0.0049246323356,0.0815410614014,0.0843544006348,0.0852127075195
R,all,12400,4,43124,524288,0.0822525024414,0.0822525024414,2.92626209557e-05,0.00540949359513,0.081729888916,0.0844345092773,0.0849571228027
R,all,12500,4,42568,524288,0.0811920166016,0.0811920166016,2.2185073855e-05,0.0047101033805,0.0802955627441,0.083194732666,0.0840911865234
R,all,12600,4,42587,524288,0.0812282562256,0.0812282562256,2.04456494733e-05,0.00452168657398,0.0807456970215,0.0832023620605,0.0836849212646
R,all,12700,4,42399,524288,0.0808696746826,0.0808696746826,1.7050668248e-05,0.00412924548168,0.0799102783203,0.0819892883301,0.0829486846924
R,all,12800,4,42167,524288,0.0804271697998,0.0804271697998,1.40893340964e-05,0.00375357617432,0.0790863037109,0.0813140869141,0.0826549530029
R,all,12900,4,41688,524288,0.0795135498047,0.0795135498047,9.6420214201e-06,0.00310516044998,0.0782527923584,0.0801544189453,0.0814151763916
R,all,13000,4,41426,524288,0.0790138244629,0.0790138244629,1.0333431419e-05,0.00321456551014,0.0776805877686,0.0796852111816,0.081018447876
R,all,13100,4,41044,524288,0.0782852172852,0.0782852172852,7.49928100655e-06,0.00273848151474,0.0768718719482,0.078857421875,0.0802707672119
R,all,13200,4,40743,524288,0.0777111053467,0.0777111053467,8.84606561158e-06,0.00297423361752,0.0758380889893,0.0780181884766,0.079891204834
R,all,13300,4,40325,524288,0.0769138336182,0.0769138336182,7.49087485019e-06,0.00273694626367,0.0750827789307,0.0772590637207,0.0790901184082
R,all,13400,4,40206,524288,0.0766868591309,0.0766868591309,7.14714406058e-06,0.00267341430769,0.0750255584717,0.0768661499023,0.0785274505615
R,all,13500,4,40040,524288,0.0763702392578,0.0763702392578,4.82126294325e-06,0.00219573744861,0.0747947692871,0.0763282775879,0.0779037475586
R,all,13600,4,39781,524288,0.0758762359619,0.0758762359619,2.10658860548e-06,0.00145140917921,0.0748043060303,0.0758628845215,0.0769348144531
R,all,13700,4,39603,524288,0.0755367279053,0.0755367279053,3.23958132261e-06,0.00179988369697,0.0745906829834,0.075756072998,0.0767021179199
R,all,13800,4,39648,524288,0.0756225585938,0.0756225585938,4.04089223593e-06,0.00201019706396,0.07497215271,0.0760955810547,0.0767459869385
R,all,13900,4,39382,524288,0.0751152038574,0.0751152038574,3.85662618404e-06,0.00196382946918,0.0746669769287,0.0754241943359,0.0758724212646
R,all,14000,4,38913,524288,0.0742206573486,0.0742206573486,2.85998976324e-06,0.00169115042596,0.0736293792725,0.0746421813965,0.0752334594727
R,all,14100,4,38831,524288,0.0740642547607,0.0740642547607,4.30823517187e-06,0.00207562886178,0.0731372833252,0.0746421813965,0.075569152832
R,all,14200,4,38936,524288,0.0742645263672,0.0742645263672,5.18044301619e-06,0.00227605865834,0.0729732513428,0.0747032165527,0.0759944915771
R,all,14300,4,38785,524288,0.0739765167236,0.0739765167236,4.75620133026e-06,0.00218087169046,0.0730381011963,0.0741500854492,0.0750885009766
R,all,14400,4,38547,524288,0.073522567749,0.073522567749,5.51720828904e-06,0.00234887383421,0.0720977783203,0.0736846923828,0.0751094818115
R,all,14500,4,38655,524288,0.0737285614014,0.0737285614014,6.50479826921e-06,0.00255045060121,0.0725994110107,0.0740203857422,0.0751495361328
R,all,14600,4,38832,524288,0.0740661621094,0.0740661621094,7.838748085e-06,0.00279977643483,0.0728530883789,0.0744590759277,0.0756721496582
R,all,14700,4,38879,524288,0.0741558074951,0.0741558074951,4.89329977427e-06,0.00221208041768,0.0730438232422,0.0747184753418,0.0758304595947
R,all,14800,4,38551,524288,0.0735301971436,0.0735301971436,6.17375189904e-06,0.00248470358374,0.0721912384033,0.0741424560547,0.0754814147949
R,all,14900,4,38092,524288,0.0726547241211,0.0726547241211,7.14390383412e-06,0.00267280822996,0.0710945129395,0.0731239318848,0.0746841430664
R,all,15000,4,38110,524288,0.0726890563965,0.0726890563965,7.86115803445e-06,0.00280377567477,0.0706405639648,0.072811126709,0.0748596191406
R,all,15100,4,38600,524288,0.0736236572266,0.0736236572266,5.16061360637e-06,0.00227169839688,0.0721282958984,0.0736465454102,0.0751419067383
R,all,15200,4,38417,524288,0.0732746124268,0.0732746124268,3.27753271752e-06,0.00181039573506,0.07177734375,0.0729713439941,0.0744686126709
R,all,15300,4,38133,524288,0.072732925415,0.072732925415,7.34168376463e-07,0.000856836260007,0.0724182128906,0.0727844238281,0.0730991363525
R,all,15400,4,38087,524288,0.0726451873779,0.0726451873779,6.23302184977e-07,0.000789494892306,0.0722579956055,0.0727272033691,0.0731143951416
R,all,15500,4,38322,524288,0.0730934143066,0.0730934143066,3.94300635283e-06,0.00198570046906,0.0722904205322,0.0729179382324,0.0737209320068
R,all,15600,4,38107,524288,0.0726833343506,0.0726833343506,9.37928659065e-06,0.0030625620958,0.0718879699707,0.0731391906738,0.0739345550537
R,all,15700,4,37778,524288,0.0720558166504,0.0720558166504,1.30235566758e-05,0.0036088165201,0.0709857940674,0.0721588134766,0.0732288360596
R,all,15800,4,37673,524288,0.0718555450439,0.0718555450439,1.83785402138e-05,0.00428701996891,0.070104598999,0.0720901489258,0.0738410949707
R,all,15900,4,37684,524288,0.0718765258789,0.0718765258789,2.06144759431e-05,0.00454031672278,0.0706405639648,0.0723838806152,0.0736198425293
R,all,16000,4,37610,524288,0.0717353820801,0.0717353820801,1.960862816e-05,0.00442816306836,0.0705070495605,0.072193145752,0.0734214782715
